populations,rs336284_A_allele,rs336284_A_freq,rs336284_A_count,rs336284_a_allele,rs336284_a_freq,rs336284_a_count,rs336284_or,rs7049850_A_allele,rs7049850_A_freq,rs7049850_A_count,rs7049850_a_allele,rs7049850_a_freq,rs7049850_a_count,rs7049850_or,rs7011192_A_allele,rs7011192_A_freq,rs7011192_A_count,rs7011192_a_allele,rs7011192_a_freq,rs7011192_a_count,rs1402514_A_allele,rs1402514_A_freq,rs1402514_A_count,rs1402514_a_allele,rs1402514_a_freq,rs1402514_a_count,rs1402514_or,rs73182688_A_allele,rs73182688_A_freq,rs73182688_A_count,rs73182688_a_allele,rs73182688_a_freq,rs73182688_a_count,rs500042_A_allele,rs500042_A_freq,rs500042_A_count,rs500042_a_allele,rs500042_a_freq,rs500042_a_count,rs500042_or,rs7545525_A_allele,rs7545525_A_freq,rs7545525_A_count,rs7545525_a_allele,rs7545525_a_freq,rs7545525_a_count,rs3741042_A_allele,rs3741042_A_freq,rs3741042_A_count,rs3741042_a_allele,rs3741042_a_freq,rs3741042_a_count,rs3741042_or,rs8041188_A_allele,rs8041188_A_freq,rs8041188_A_count,rs8041188_a_allele,rs8041188_a_freq,rs8041188_a_count,rs8041188_or,rs145791079_A_allele,rs145791079_A_freq,rs145791079_A_count,rs145791079_a_allele,rs145791079_a_freq,rs145791079_a_count,rs61994674_A_allele,rs61994674_A_freq,rs61994674_A_count,rs61994674_a_allele,rs61994674_a_freq,rs61994674_a_count,rs61994674_or,rs320461_A_allele,rs320461_A_freq,rs320461_A_count,rs320461_a_allele,rs320461_a_freq,rs320461_a_count,rs320461_or,rs9479131_A_allele,rs9479131_A_freq,rs9479131_A_count,rs9479131_a_allele,rs9479131_a_freq,rs9479131_a_count,rs9479131_or,rs62314109_A_allele,rs62314109_A_freq,rs62314109_A_count,rs62314109_a_allele,rs62314109_a_freq,rs62314109_a_count,NO_rs62314109_or,rs6913400_A_allele,rs6913400_A_freq,rs6913400_A_count,rs6913400_a_allele,rs6913400_a_freq,rs6913400_a_count,rs6913400_or,rs1395973_A_allele,rs1395973_A_freq,rs1395973_A_count,rs1395973_a_allele,rs1395973_a_freq,rs1395973_a_count,rs1395973_or,rs11069071_A_allele,rs11069071_A_freq,rs11069071_A_count,rs11069071_a_allele,rs11069071_a_freq,rs11069071_a_count,rs118037400_A_allele,rs118037400_A_freq,rs118037400_A_count,rs118037400_a_allele,rs118037400_a_freq,rs118037400_a_count,rs9672835_A_allele,rs9672835_A_freq,rs9672835_A_count,rs9672835_a_allele,rs9672835_a_freq,rs9672835_a_count,rs9672835_or
ALL,A,0.473,2368,G,0.527,2640,0.89753320683112,T,0.465,1756,C,0.535,2019,0.869158878504673,A,0.073,364,G,0.927,4644,A,0.707,3539,G,0.293,1469,2.41296928327645,A,0.919,4602,G,0.081,406,T,0.25,1254,A,0.75,3754,0.333333333333333,G,0.967,4841,A,0.033,167,C,0.444,2223,T,0.556,2785,0.798561151079137,G,0.562,2816,A,0.438,2192,1.28310502283105,T,0.998,4996,C,0.002,12,G,0.793,3971,A,0.207,1037,3.83091787439614,T,0.317,1589,C,0.683,3419,0.464128843338214,C,0.907,4543,T,0.093,465,9.75268817204301,T,0.477,2389,A,0.001,5,477,G,0.849,4253,C,0.151,755,5.62251655629139,T,0.503,2519,C,0.497,2489,1.01207243460765,C,0.821,4114,T,0.179,894,G,0.975,4884,T,0.025,124,G,0.523,2619,A,0.477,2389,1.09643605870021
AFR,A,0.481,636,G,0.519,686,0.926782273603083,T,0.247,248,C,0.753,755,0.328021248339973,A,0.008,10,G,0.992,1312,A,0.595,787,G,0.405,535,1.46913580246914,A,0.992,1312,G,0.008,10,T,0.331,437,A,0.669,885,0.494768310911809,G,0.999,1321,A,0.001,1,C,0.343,453,T,0.657,869,0.5220700152207,G,0.536,708,A,0.464,614,1.1551724137931,T,1,1322,None,0,0,G,0.966,1277,A,0.034,45,28.4117647058823,T,0.287,379,C,0.713,943,0.402524544179523,C,0.906,1198,T,0.094,124,9.63829787234043,T,0.251,332,A,0.004,5,62.75,G,0.677,895,C,0.323,427,2.09597523219814,T,0.467,618,C,0.533,704,0.876172607879925,C,0.99,1309,T,0.01,13,G,0.982,1298,T,0.018,24,G,0.216,285,A,0.784,1037,0.275510204081633
ACB,A,0.521,100,G,0.479,92,1.08768267223382,T,0.248,36,C,0.752,109,0.329787234042553,A,0.005,1,G,0.995,191,A,0.635,122,G,0.365,70,1.73972602739726,A,0.979,188,G,0.021,4,T,0.333,64,A,0.667,128,0.499250374812594,G,0.995,191,A,0.005,1,C,0.292,56,T,0.708,136,0.412429378531073,G,0.609,117,A,0.391,75,1.55754475703325,T,1,192,None,0,0,G,0.969,186,A,0.031,6,31.258064516129,T,0.297,57,C,0.703,135,0.422475106685633,C,0.891,171,T,0.109,21,8.1743119266055,T,0.224,43,A,0.005,1,44.8,G,0.708,136,C,0.292,56,2.42465753424658,T,0.422,81,C,0.578,111,0.730103806228374,C,0.974,187,T,0.026,5,G,0.969,186,T,0.031,6,G,0.271,52,A,0.729,140,0.371742112482853
ASW,A,0.434,53,G,0.566,69,0.76678445229682,T,0.24,23,C,0.76,73,0.31578947368421,A,0.041,5,G,0.959,117,A,0.615,75,G,0.385,47,1.5974025974026,A,0.951,116,G,0.049,6,T,0.311,38,A,0.689,84,0.451378809869376,G,1,122,None,0,0,C,0.32,39,T,0.68,83,0.470588235294118,G,0.541,66,A,0.459,56,1.17864923747277,T,1,122,None,0,0,G,0.926,113,A,0.074,9,12.5135135135135,T,0.344,42,C,0.656,80,0.524390243902439,C,0.918,112,T,0.082,10,11.1951219512195,T,0.303,37,G,0.697,85,0.434720229555237,G,0.721,88,C,0.279,34,2.584229390681,T,0.475,58,C,0.525,64,0.904761904761905,C,0.959,117,T,0.041,5,G,0.967,118,T,0.033,4,G,0.344,42,A,0.656,80,0.524390243902439
ESN,A,0.429,85,G,0.571,113,0.751313485113835,T,0.31,45,C,0.69,100,0.449275362318841,G,1,198,None,0,0,A,0.662,131,G,0.338,67,1.9585798816568,A,1,198,None,0,0,T,0.343,68,A,0.657,130,0.5220700152207,G,1,198,None,0,0,C,0.359,71,T,0.641,127,0.5600624024961,G,0.5,99,A,0.5,99,1,T,1,198,None,0,0,G,0.99,196,A,0.01,2,99,T,0.333,66,C,0.667,132,0.499250374812594,C,0.848,168,T,0.152,30,5.57894736842105,T,0.227,45,A,0.005,1,45.4,G,0.652,129,C,0.348,69,1.87356321839081,T,0.49,97,C,0.51,101,0.96078431372549,C,1,198,None,0,0,G,0.99,196,T,0.01,2,G,0.182,36,A,0.818,162,0.222493887530562
GWD,A,0.5,113,G,0.5,113,1,T,0.246,42,C,0.754,129,0.326259946949602,A,0.004,1,G,0.996,225,A,0.527,119,G,0.473,107,1.11416490486258,A,1,226,None,0,0,T,0.319,72,A,0.681,154,0.468428781204112,G,1,226,None,0,0,C,0.403,91,T,0.597,135,0.675041876046901,G,0.504,114,A,0.496,112,1.01612903225806,T,1,226,None,0,0,G,0.965,218,A,0.035,8,27.5714285714286,T,0.217,49,C,0.783,177,0.277139208173691,C,0.969,219,T,0.031,7,31.258064516129,T,0.336,76,G,0.664,150,0.506024096385542,G,0.686,155,C,0.314,71,2.18471337579618,T,0.469,106,C,0.531,120,0.883239171374764,C,1,226,None,0,0,G,0.973,220,T,0.027,6,G,0.155,35,A,0.845,191,0.183431952662722
LWK,A,0.485,96,G,0.515,102,0.941747572815534,T,0.201,31,C,0.799,123,0.251564455569462,A,0.015,3,G,0.985,195,A,0.571,113,G,0.429,85,1.33100233100233,A,1,198,None,0,0,T,0.374,74,A,0.626,124,0.597444089456869,G,1,198,None,0,0,C,0.369,73,T,0.631,125,0.584786053882726,G,0.551,109,A,0.449,89,1.2271714922049,T,1,198,None,0,0,G,0.97,192,A,0.03,6,32.3333333333333,T,0.172,34,C,0.828,164,0.207729468599034,C,0.939,186,T,0.061,12,15.3934426229508,T,0.222,44,G,0.778,154,0.285347043701799,G,0.657,130,C,0.343,68,1.91545189504373,T,0.505,100,C,0.495,98,1.02020202020202,C,0.99,196,T,0.01,2,G,0.995,197,T,0.005,1,G,0.222,44,A,0.778,154,0.285347043701799
MSL,A,0.5,85,G,0.5,85,1,T,0.266,34,C,0.734,94,0.362397820163488,G,1,170,None,0,0,A,0.541,92,G,0.459,78,1.17864923747277,A,1,170,None,0,0,T,0.312,53,A,0.688,117,0.453488372093023,G,1,170,None,0,0,C,0.359,61,T,0.641,109,0.5600624024961,G,0.512,87,A,0.488,83,1.04918032786885,T,1,170,None,0,0,G,0.988,168,A,0.012,2,82.3333333333333,T,0.376,64,C,0.624,106,0.602564102564102,C,0.871,148,T,0.129,22,6.75193798449612,T,0.241,41,G,0.759,129,0.317523056653491,G,0.618,105,C,0.382,65,1.61780104712042,T,0.394,67,C,0.606,103,0.65016501650165,C,1,170,None,0,0,G,0.976,166,T,0.024,4,G,0.171,29,A,0.829,141,0.20627261761158
YRI,A,0.481,104,G,0.519,112,0.926782273603083,T,0.226,37,C,0.774,127,0.291989664082687,G,1,216,None,0,0,A,0.625,135,G,0.375,81,1.66666666666667,A,1,216,None,0,0,T,0.315,68,A,0.685,148,0.45985401459854,G,1,216,None,0,0,C,0.287,62,T,0.713,154,0.402524544179523,G,0.537,116,A,0.463,100,1.15982721382289,T,1,216,None,0,0,G,0.944,204,A,0.056,12,16.8571428571429,T,0.31,67,C,0.69,149,0.449275362318841,C,0.898,194,T,0.102,22,8.80392156862745,T,0.213,46,A,0.014,3,15.2142857142857,G,0.704,152,C,0.296,64,2.37837837837838,T,0.505,109,C,0.495,107,1.02020202020202,C,0.995,215,T,0.005,1,G,0.995,215,T,0.005,1,G,0.218,47,A,0.782,169,0.278772378516624
AMR,A,0.468,325,G,0.532,369,0.879699248120301,T,0.435,228,C,0.565,296,0.769911504424779,A,0.179,124,G,0.821,570,A,0.746,518,G,0.254,176,2.93700787401575,A,0.892,619,G,0.108,75,T,0.223,155,A,0.777,539,0.287001287001287,G,0.968,672,A,0.032,22,C,0.51,354,T,0.49,340,1.04081632653061,G,0.63,437,A,0.37,257,1.7027027027027,T,1,694,None,0,0,G,0.808,561,A,0.192,133,4.20833333333333,T,0.255,177,C,0.745,517,0.342281879194631,C,0.983,682,T,0.017,12,57.8235294117647,T,0.573,398,G,0.427,296,1.34192037470726,G,0.829,575,C,0.171,119,4.84795321637427,T,0.565,392,C,0.435,302,1.29885057471264,C,0.772,536,T,0.228,158,G,0.974,676,T,0.026,18,G,0.552,383,A,0.448,311,1.23214285714286
CLM,A,0.479,90,G,0.521,98,0.919385796545106,T,0.469,68,C,0.531,77,0.883239171374764,A,0.112,21,G,0.888,167,A,0.702,132,G,0.298,56,2.35570469798658,A,0.926,174,G,0.074,14,T,0.207,39,A,0.793,149,0.261034047919294,G,0.936,176,A,0.064,12,C,0.543,102,T,0.457,86,1.18818380743983,G,0.649,122,A,0.351,66,1.84900284900285,T,1,188,None,0,0,G,0.777,146,A,0.223,42,3.48430493273543,T,0.223,42,C,0.777,146,0.287001287001287,C,0.989,186,T,0.011,2,89.9090909090909,T,0.516,97,G,0.484,91,1.06611570247934,G,0.915,172,C,0.085,16,10.7647058823529,T,0.574,108,C,0.426,80,1.34741784037559,C,0.803,151,T,0.197,37,G,0.968,182,T,0.032,6,G,0.628,118,A,0.372,70,1.68817204301075
MXL,A,0.453,58,G,0.547,70,0.828153564899452,T,0.438,42,C,0.562,54,0.779359430604982,A,0.211,27,G,0.789,101,A,0.734,94,G,0.266,34,2.7593984962406,A,0.883,113,G,0.117,15,T,0.211,27,A,0.789,101,0.267427122940431,G,0.953,122,A,0.047,6,C,0.492,63,T,0.508,65,0.968503937007874,G,0.562,72,A,0.438,56,1.28310502283105,T,1,128,None,0,0,G,0.797,102,A,0.203,26,3.92610837438424,T,0.234,30,C,0.766,98,0.305483028720627,C,0.992,127,T,0.008,1,124,T,0.68,87,G,0.32,41,2.125,G,0.812,104,C,0.188,24,4.31914893617021,T,0.648,83,C,0.352,45,1.84090909090909,C,0.789,101,T,0.211,27,G,0.969,124,T,0.031,4,G,0.414,53,A,0.586,75,0.706484641638225
PEL,A,0.441,75,G,0.559,95,0.788908765652952,T,0.341,44,C,0.659,85,0.517450682852807,A,0.318,54,G,0.682,116,A,0.912,155,G,0.088,15,10.3636363636364,A,0.871,148,G,0.129,22,T,0.194,33,A,0.806,137,0.240694789081886,G,1,170,None,0,0,C,0.465,79,T,0.535,91,0.869158878504673,G,0.6,102,A,0.4,68,1.5,T,1,170,None,0,0,G,0.841,143,A,0.159,27,5.28930817610063,T,0.265,45,C,0.735,125,0.360544217687075,C,0.988,168,T,0.012,2,82.3333333333333,T,0.724,123,G,0.276,47,2.6231884057971,G,0.712,121,C,0.288,49,2.47222222222222,T,0.535,91,C,0.465,79,1.1505376344086,C,0.547,93,T,0.453,77,G,0.988,168,T,0.012,2,G,0.506,86,A,0.494,84,1.02429149797571
PUR,A,0.49,102,G,0.51,106,0.96078431372549,T,0.481,74,C,0.519,80,0.926782273603083,A,0.106,22,G,0.894,186,A,0.659,137,G,0.341,71,1.93255131964809,A,0.885,184,G,0.115,24,T,0.269,56,A,0.731,152,0.367989056087551,G,0.981,204,A,0.019,4,C,0.529,110,T,0.471,98,1.12314225053079,G,0.678,141,A,0.322,67,2.1055900621118,T,1,208,None,0,0,G,0.817,170,A,0.183,38,4.46448087431694,T,0.288,60,C,0.712,148,0.404494382022472,C,0.966,201,T,0.034,7,28.4117647058823,T,0.438,91,G,0.562,117,0.779359430604982,G,0.856,178,C,0.144,30,5.94444444444444,T,0.529,110,C,0.471,98,1.12314225053079,C,0.918,191,T,0.082,17,G,0.971,202,T,0.029,6,G,0.606,126,A,0.394,82,1.53807106598985
EAS,A,0.467,471,G,0.533,537,0.876172607879925,T,0.513,392,C,0.487,372,1.05338809034908,A,0.083,84,G,0.917,924,A,0.911,918,G,0.089,90,10.2359550561798,A,0.852,859,G,0.148,149,T,0.266,268,A,0.734,740,0.362397820163488,G,1,1008,None,0,0,C,0.31,312,T,0.69,696,0.449275362318841,G,0.291,293,A,0.709,715,0.410437235543018,T,0.988,996,C,0.012,12,G,0.569,574,A,0.431,434,1.32018561484919,T,0.36,363,C,0.64,645,0.5625,C,0.838,845,T,0.162,163,5.17283950617284,T,0.54,544,G,0.46,464,1.17391304347826,G,0.918,925,C,0.082,83,11.1951219512195,T,0.589,594,C,0.411,414,1.4330900243309,C,0.538,542,T,0.462,466,G,0.999,1007,T,0.001,1,G,0.607,612,A,0.393,396,1.54452926208651
CDX,A,0.409,76,G,0.591,110,0.692047377326565,T,0.415,59,C,0.585,83,0.709401709401709,A,0.075,14,G,0.925,172,A,0.952,177,G,0.048,9,19.8333333333333,A,0.817,152,G,0.183,34,T,0.204,38,A,0.796,148,0.256281407035176,G,1,186,None,0,0,C,0.301,56,T,0.699,130,0.430615164520744,G,0.296,55,A,0.704,131,0.420454545454545,T,0.984,183,C,0.016,3,G,0.538,100,A,0.462,86,1.16450216450216,T,0.425,79,C,0.575,107,0.739130434782609,C,0.828,154,T,0.172,32,4.81395348837209,T,0.608,113,G,0.392,73,1.55102040816327,G,0.93,173,C,0.07,13,13.2857142857143,T,0.629,117,C,0.371,69,1.69541778975741,C,0.516,96,T,0.484,90,G,1,186,None,0,0,G,0.548,102,A,0.452,84,1.21238938053097
CHB,A,0.563,116,G,0.437,90,1.2883295194508,T,0.481,77,C,0.519,83,0.926782273603083,A,0.044,9,G,0.956,197,A,0.903,186,G,0.097,20,9.30927835051546,A,0.888,183,G,0.112,23,T,0.272,56,A,0.728,150,0.373626373626374,G,1,206,None,0,0,C,0.311,64,T,0.689,142,0.451378809869376,G,0.311,64,A,0.689,142,0.451378809869376,T,0.985,203,C,0.015,3,G,0.646,133,A,0.354,73,1.82485875706215,T,0.277,57,C,0.723,149,0.383125864453665,C,0.835,172,T,0.165,34,5.06060606060606,T,0.461,95,G,0.539,111,0.855287569573284,G,0.888,183,C,0.112,23,7.92857142857143,T,0.587,121,C,0.413,85,1.42130750605327,C,0.621,128,T,0.379,78,G,1,206,None,0,0,G,0.718,148,A,0.282,58,2.54609929078014
CHS,A,0.49,103,G,0.51,107,0.96078431372549,T,0.544,86,C,0.456,72,1.19298245614035,A,0.081,17,G,0.919,193,A,0.895,188,G,0.105,22,8.52380952380952,A,0.838,176,G,0.162,34,T,0.29,61,A,0.71,149,0.408450704225352,G,1,210,None,0,0,C,0.248,52,T,0.752,158,0.329787234042553,G,0.31,65,A,0.69,145,0.449275362318841,T,0.99,208,C,0.01,2,G,0.643,135,A,0.357,75,1.80112044817927,T,0.348,73,C,0.652,137,0.533742331288343,C,0.829,174,T,0.171,36,4.84795321637427,T,0.49,103,G,0.51,107,0.96078431372549,G,0.905,190,C,0.095,20,9.52631578947369,T,0.595,125,C,0.405,85,1.46913580246914,C,0.495,104,T,0.505,106,G,1,210,None,0,0,G,0.581,122,A,0.419,88,1.38663484486874
JPT,A,0.476,99,G,0.524,109,0.908396946564885,T,0.645,98,C,0.355,54,1.8169014084507,A,0.111,23,G,0.889,185,A,0.885,184,G,0.115,24,7.69565217391304,A,0.788,164,G,0.212,44,T,0.288,60,A,0.712,148,0.404494382022472,G,1,208,None,0,0,C,0.351,73,T,0.649,135,0.540832049306626,G,0.231,48,A,0.769,160,0.300390117035111,T,0.986,205,C,0.014,3,G,0.577,120,A,0.423,88,1.36406619385343,T,0.322,67,C,0.678,141,0.474926253687316,C,0.856,178,T,0.144,30,5.94444444444444,T,0.5,104,G,0.5,104,1,G,0.933,194,C,0.067,14,13.9253731343284,T,0.524,109,C,0.476,99,1.10084033613445,C,0.582,121,T,0.418,87,G,1,208,None,0,0,G,0.577,120,A,0.423,88,1.36406619385343
KHV,A,0.389,77,G,0.611,121,0.636661211129296,T,0.474,72,C,0.526,80,0.901140684410646,A,0.106,21,G,0.894,177,A,0.924,183,G,0.076,15,12.1578947368421,A,0.929,184,G,0.071,14,T,0.268,53,A,0.732,145,0.366120218579235,G,1,198,None,0,0,C,0.338,67,T,0.662,131,0.510574018126888,G,0.308,61,A,0.692,137,0.445086705202312,T,0.995,197,C,0.005,1,G,0.434,86,A,0.566,112,0.76678445229682,T,0.439,87,C,0.561,111,0.7825311942959,C,0.843,167,T,0.157,31,5.36942675159236,T,0.652,129,G,0.348,69,1.87356321839081,G,0.934,185,C,0.066,13,14.1515151515152,T,0.616,122,C,0.384,76,1.60416666666667,C,0.47,93,T,0.53,105,G,0.995,197,T,0.005,1,G,0.606,120,A,0.394,78,1.53807106598985
EUR,A,0.481,484,G,0.519,522,0.926782273603083,T,0.567,434,C,0.433,332,1.3094688221709,A,0.096,97,G,0.904,909,A,0.603,607,G,0.397,399,1.51889168765743,A,0.894,899,G,0.106,107,T,0.177,178,A,0.823,828,0.215066828675577,G,0.939,945,A,0.061,61,C,0.539,542,T,0.461,464,1.16919739696312,G,0.829,834,A,0.171,172,4.84795321637427,T,1,1006,None,0,0,G,0.823,828,A,0.177,178,4.64971751412429,T,0.256,258,C,0.744,748,0.344086021505376,C,0.982,988,T,0.018,18,54.5555555555556,T,0.543,546,G,0.457,460,1.18818380743983,G,0.933,939,C,0.067,67,13.9253731343284,T,0.509,512,C,0.491,494,1.03665987780041,C,0.932,938,T,0.068,68,G,0.955,961,T,0.045,45,G,0.678,682,A,0.322,324,2.1055900621118
CEU,A,0.52,103,G,0.48,95,1.08333333333333,T,0.55,82,C,0.45,67,1.22222222222222,A,0.045,9,G,0.955,189,A,0.626,124,G,0.374,74,1.67379679144385,A,0.884,175,G,0.116,23,T,0.182,36,A,0.818,162,0.222493887530562,G,0.934,185,A,0.066,13,C,0.545,108,T,0.455,90,1.1978021978022,G,0.808,160,A,0.192,38,4.20833333333333,T,1,198,None,0,0,G,0.818,162,A,0.182,36,4.49450549450549,T,0.278,55,C,0.722,143,0.385041551246537,C,0.99,196,T,0.01,2,99,T,0.53,105,G,0.47,93,1.12765957446809,G,0.914,181,C,0.086,17,10.6279069767442,T,0.535,106,C,0.465,92,1.1505376344086,C,0.939,186,T,0.061,12,G,0.949,188,T,0.051,10,G,0.601,119,A,0.399,79,1.5062656641604
FIN,A,0.429,85,G,0.571,113,0.751313485113835,T,0.606,97,C,0.394,63,1.53807106598985,A,0.081,16,G,0.919,182,A,0.697,138,G,0.303,60,2.3003300330033,A,0.894,177,G,0.106,21,T,0.131,26,A,0.869,172,0.150747986191024,G,0.934,185,A,0.066,13,C,0.455,90,T,0.545,108,0.834862385321101,G,0.854,169,A,0.146,29,5.84931506849315,T,1,198,None,0,0,G,0.823,163,A,0.177,35,4.64971751412429,T,0.177,35,C,0.823,163,0.215066828675577,C,0.99,196,T,0.01,2,99,T,0.596,118,G,0.404,80,1.47524752475248,G,0.944,187,C,0.056,11,16.8571428571429,T,0.419,83,C,0.581,115,0.721170395869191,C,0.929,184,T,0.071,14,G,0.939,186,T,0.061,12,G,0.662,131,A,0.338,67,1.9585798816568
GBR,A,0.467,85,G,0.533,97,0.876172607879925,T,0.588,80,C,0.412,56,1.42718446601942,A,0.143,26,G,0.857,156,A,0.599,109,G,0.401,73,1.49376558603491,A,0.896,163,G,0.104,19,T,0.214,39,A,0.786,143,0.272264631043257,G,0.951,173,A,0.049,9,C,0.511,93,T,0.489,89,1.04498977505112,G,0.819,149,A,0.181,33,4.52486187845304,T,1,182,None,0,0,G,0.824,150,A,0.176,32,4.68181818181818,T,0.236,43,C,0.764,139,0.308900523560209,C,0.984,179,T,0.016,3,61.5,T,0.555,101,G,0.445,81,1.24719101123596,G,0.929,169,C,0.071,13,13.0845070422535,T,0.462,84,C,0.538,98,0.858736059479554,C,0.94,171,T,0.06,11,G,0.934,170,T,0.066,12,G,0.714,130,A,0.286,52,2.4965034965035
IBS,A,0.481,103,G,0.519,111,0.926782273603083,T,0.519,83,C,0.481,77,1.07900207900208,A,0.089,19,G,0.911,195,A,0.579,124,G,0.421,90,1.37529691211401,A,0.902,193,G,0.098,21,T,0.187,40,A,0.813,174,0.230012300123001,G,0.949,203,A,0.051,11,C,0.598,128,T,0.402,86,1.48756218905473,G,0.808,173,A,0.192,41,4.20833333333333,T,1,214,None,0,0,G,0.818,175,A,0.182,39,4.49450549450549,T,0.243,52,C,0.757,162,0.321003963011889,C,0.953,204,T,0.047,10,20.2765957446808,T,0.528,113,G,0.472,101,1.11864406779661,G,0.916,196,C,0.084,18,10.9047619047619,T,0.556,119,C,0.444,95,1.25225225225225,C,0.921,197,T,0.079,17,G,0.963,206,T,0.037,8,G,0.743,159,A,0.257,55,2.89105058365759
TSI,A,0.505,108,G,0.495,106,1.02020202020202,T,0.571,92,C,0.429,69,1.33100233100233,A,0.126,27,G,0.874,187,A,0.523,112,G,0.477,102,1.09643605870021,A,0.893,191,G,0.107,23,T,0.173,37,A,0.827,177,0.20918984280532,G,0.93,199,A,0.07,15,C,0.575,123,T,0.425,91,1.35294117647059,G,0.855,183,A,0.145,31,5.89655172413793,T,1,214,None,0,0,G,0.832,178,A,0.168,36,4.95238095238095,T,0.341,73,C,0.659,141,0.517450682852807,C,0.995,213,T,0.005,1,199,T,0.509,109,G,0.491,105,1.03665987780041,G,0.963,206,C,0.037,8,26.027027027027,T,0.561,120,C,0.439,94,1.27790432801822,C,0.935,200,T,0.065,14,G,0.986,211,T,0.014,3,G,0.668,143,A,0.332,71,2.01204819277108
SAS,A,0.462,452,G,0.538,526,0.858736059479554,T,0.632,454,C,0.368,264,1.71739130434783,A,0.05,49,G,0.95,929,A,0.725,709,G,0.275,269,2.63636363636364,A,0.934,913,G,0.066,65,T,0.221,216,A,0.779,762,0.283697047496791,G,0.915,895,A,0.085,83,C,0.575,562,T,0.425,416,1.35294117647059,G,0.556,544,A,0.444,434,1.25225225225225,T,1,978,None,0,0,G,0.747,731,A,0.253,247,2.95256916996047,T,0.421,412,C,0.579,566,0.727115716753022,C,0.849,830,T,0.151,148,5.62251655629139,T,0.582,569,G,0.418,409,1.39234449760766,G,0.94,919,C,0.06,59,15.6666666666667,T,0.412,403,C,0.588,575,0.700680272108844,C,0.807,789,T,0.193,189,G,0.963,942,T,0.037,36,G,0.672,657,A,0.328,321,2.04878048780488
BEB,A,0.372,64,G,0.628,108,0.592356687898089,T,0.692,90,C,0.308,40,2.24675324675325,A,0.041,7,G,0.959,165,A,0.715,123,G,0.285,49,2.50877192982456,A,0.953,164,G,0.047,8,T,0.203,35,A,0.797,137,0.254705144291092,G,0.901,155,A,0.099,17,C,0.43,74,T,0.57,98,0.754385964912281,G,0.558,96,A,0.442,76,1.26244343891403,T,1,172,None,0,0,G,0.727,125,A,0.273,47,2.66300366300366,T,0.366,63,C,0.634,109,0.577287066246057,C,0.878,151,T,0.122,21,7.19672131147541,T,0.558,96,G,0.442,76,1.26244343891403,G,0.953,164,C,0.047,8,20.2765957446808,T,0.43,74,C,0.57,98,0.754385964912281,C,0.744,128,T,0.256,44,G,0.983,169,T,0.017,3,G,0.709,122,A,0.291,50,2.43642611683849
GIH,A,0.451,93,G,0.549,113,0.821493624772313,T,0.607,91,C,0.393,59,1.54452926208651,A,0.083,17,G,0.917,189,A,0.752,155,G,0.248,51,3.03225806451613,A,0.951,196,G,0.049,10,T,0.223,46,A,0.777,160,0.287001287001287,G,0.947,195,A,0.053,11,C,0.578,119,T,0.422,87,1.3696682464455,G,0.602,124,A,0.398,82,1.51256281407035,T,1,206,None,0,0,G,0.694,143,A,0.306,63,2.26797385620915,T,0.481,99,C,0.519,107,0.926782273603083,C,0.84,173,T,0.16,33,5.25,T,0.563,116,G,0.437,90,1.2883295194508,G,0.932,192,C,0.068,14,13.7058823529412,T,0.447,92,C,0.553,114,0.808318264014467,C,0.811,167,T,0.189,39,G,0.966,199,T,0.034,7,G,0.617,127,A,0.383,79,1.61096605744125
ITU,A,0.49,100,G,0.51,104,0.96078431372549,T,0.655,95,C,0.345,50,1.89855072463768,A,0.039,8,G,0.961,196,A,0.75,153,G,0.25,51,3,A,0.922,188,G,0.078,16,T,0.225,46,A,0.775,158,0.290322580645161,G,0.917,187,A,0.083,17,C,0.608,124,T,0.392,80,1.55102040816327,G,0.485,99,A,0.515,105,0.941747572815534,T,1,204,None,0,0,G,0.765,156,A,0.235,48,3.25531914893617,T,0.412,84,C,0.588,120,0.700680272108844,C,0.828,169,T,0.172,35,4.81395348837209,T,0.598,122,G,0.402,82,1.48756218905473,G,0.936,191,C,0.064,13,14.625,T,0.392,80,C,0.608,124,0.644736842105263,C,0.868,177,T,0.132,27,G,0.966,197,T,0.034,7,G,0.701,143,A,0.299,61,2.34448160535117
PJL,A,0.438,84,G,0.562,108,0.779359430604982,T,0.618,89,C,0.382,55,1.61780104712042,A,0.042,8,G,0.958,184,A,0.672,129,G,0.328,63,2.04878048780488,A,0.927,178,G,0.073,14,T,0.234,45,A,0.766,147,0.305483028720627,G,0.885,170,A,0.115,22,C,0.625,120,T,0.375,72,1.66666666666667,G,0.604,116,A,0.396,76,1.52525252525253,T,1,192,None,0,0,G,0.776,149,A,0.224,43,3.46428571428571,T,0.411,79,C,0.589,113,0.697792869269949,C,0.88,169,T,0.12,23,7.33333333333333,T,0.599,115,G,0.401,77,1.49376558603491,G,0.958,184,C,0.042,8,22.8095238095238,T,0.401,77,C,0.599,115,0.669449081803005,C,0.776,149,T,0.224,43,G,0.943,181,T,0.057,11,G,0.609,117,A,0.391,75,1.55754475703325
STU,A,0.544,111,G,0.456,93,1.19298245614035,T,0.597,89,C,0.403,60,1.48138957816377,A,0.044,9,G,0.956,195,A,0.73,149,G,0.27,55,2.7037037037037,A,0.917,187,G,0.083,17,T,0.216,44,A,0.784,160,0.275510204081633,G,0.922,188,A,0.078,16,C,0.613,125,T,0.387,79,1.58397932816537,G,0.534,109,A,0.466,95,1.14592274678112,T,1,204,None,0,0,G,0.775,158,A,0.225,46,3.44444444444444,T,0.426,87,C,0.574,117,0.742160278745645,C,0.824,168,T,0.176,36,4.68181818181818,T,0.588,120,G,0.412,84,1.42718446601942,G,0.922,188,C,0.078,16,11.8205128205128,T,0.392,80,C,0.608,124,0.644736842105263,C,0.824,168,T,0.176,36,G,0.961,196,T,0.039,8,G,0.725,148,A,0.275,56,2.63636363636364
