populations,rsids,A_allele,A_freq,A_count,a_allele,a_freq,a_count,AA_gt,AA_freq,AA_count,Aa_gt,Aa_freq,Aa_count,aa_gt,aa_freq,aa_count
ALL,rs336284,A,0.473,2368,G,0.527,2640,A|A,0.229,573,A|G,0.488,1222,G|G,0.283,709
AFR,rs336284,A,0.481,636,G,0.519,686,A|A,0.239,158,A|G,0.484,320,G|G,0.277,183
ACB,rs336284,A,0.521,100,G,0.479,92,A|A,0.281,27,A|G,0.479,46,G|G,0.24,23
ASW,rs336284,A,0.434,53,G,0.566,69,A|A,0.197,12,A|G,0.475,29,G|G,0.328,20
ESN,rs336284,A,0.429,85,G,0.571,113,A|A,0.182,18,A|G,0.495,49,G|G,0.323,32
GWD,rs336284,A,0.5,113,G,0.5,113,A|A,0.239,27,A|G,0.522,59,G|G,0.239,27
LWK,rs336284,A,0.485,96,G,0.515,102,A|A,0.232,23,A|G,0.505,50,G|G,0.263,26
MSL,rs336284,A,0.5,85,G,0.5,85,A|A,0.247,21,A|G,0.506,43,G|G,0.247,21
YRI,rs336284,A,0.481,104,G,0.519,112,A|A,0.278,30,A|G,0.407,44,G|G,0.315,34
AMR,rs336284,A,0.468,325,G,0.532,369,A|A,0.233,81,A|G,0.47,163,G|G,0.297,103
CLM,rs336284,A,0.479,90,G,0.521,98,A|A,0.234,22,A|G,0.489,46,G|G,0.277,26
MXL,rs336284,A,0.453,58,G,0.547,70,A|A,0.219,14,A|G,0.469,30,G|G,0.312,20
PEL,rs336284,A,0.441,75,G,0.559,95,A|A,0.188,16,A|G,0.506,43,G|G,0.306,26
PUR,rs336284,A,0.49,102,G,0.51,106,A|A,0.279,29,A|G,0.423,44,G|G,0.298,31
EAS,rs336284,A,0.467,471,G,0.533,537,A|A,0.224,113,A|G,0.486,245,G|G,0.29,146
CDX,rs336284,A,0.409,76,G,0.591,110,A|A,0.172,16,A|G,0.473,44,G|G,0.355,33
CHB,rs336284,A,0.563,116,G,0.437,90,A|A,0.301,31,A|G,0.524,54,G|G,0.175,18
CHS,rs336284,A,0.49,103,G,0.51,107,A|A,0.238,25,A|G,0.505,53,G|G,0.257,27
JPT,rs336284,A,0.476,99,G,0.524,109,A|A,0.221,23,A|G,0.51,53,G|G,0.269,28
KHV,rs336284,A,0.389,77,G,0.611,121,A|A,0.182,18,A|G,0.414,41,G|G,0.404,40
EUR,rs336284,A,0.481,484,G,0.519,522,A|A,0.243,122,A|G,0.477,240,G|G,0.28,141
CEU,rs336284,A,0.52,103,G,0.48,95,A|A,0.293,29,A|G,0.455,45,G|G,0.253,25
FIN,rs336284,A,0.429,85,G,0.571,113,A|A,0.192,19,A|G,0.475,47,G|G,0.333,33
GBR,rs336284,A,0.467,85,G,0.533,97,A|A,0.209,19,A|G,0.516,47,G|G,0.275,25
IBS,rs336284,A,0.481,103,G,0.519,111,A|A,0.243,26,A|G,0.477,51,G|G,0.28,30
TSI,rs336284,A,0.505,108,G,0.495,106,A|A,0.271,29,A|G,0.467,50,G|G,0.262,28
SAS,rs336284,A,0.462,452,G,0.538,526,A|A,0.202,99,A|G,0.519,254,G|G,0.278,136
BEB,rs336284,A,0.372,64,G,0.628,108,A|A,0.093,8,A|G,0.558,48,G|G,0.349,30
GIH,rs336284,A,0.451,93,G,0.549,113,A|A,0.214,22,A|G,0.476,49,G|G,0.311,32
ITU,rs336284,A,0.49,100,G,0.51,104,A|A,0.245,25,A|G,0.49,50,G|G,0.265,27
PJL,rs336284,A,0.438,84,G,0.562,108,A|A,0.135,13,A|G,0.604,58,G|G,0.26,25
STU,rs336284,A,0.544,111,G,0.456,93,A|A,0.304,31,A|G,0.48,49,G|G,0.216,22
ALL,rs7049850,T,0.465,1756,C,0.535,2019,T|T,0.121,303,C,0.263,658,C|C,0.157,393
AFR,rs7049850,T,0.247,248,C,0.753,755,T|T,0.041,27,C,0.374,247,C|C,0.292,193
ACB,rs7049850,T,0.248,36,C,0.752,109,T|T,0.01,1,C,0.344,33,C|C,0.292,28
ASW,rs7049850,T,0.24,23,C,0.76,73,T|T,0.033,2,C,0.344,21,C|C,0.311,19
ESN,rs7049850,T,0.31,45,C,0.69,100,T|T,0.061,6,C,0.384,38,C|C,0.222,22
GWD,rs7049850,T,0.246,42,C,0.754,129,T|T,0.053,6,C,0.407,46,C|C,0.274,31
LWK,rs7049850,T,0.201,31,C,0.799,123,T|T,0.04,4,C,0.384,38,C|C,0.343,34
MSL,rs7049850,T,0.266,34,C,0.734,94,T|T,0.082,7,C,0.4,34,C|C,0.282,24
YRI,rs7049850,T,0.226,37,C,0.774,127,T|T,0.009,1,C,0.343,37,C|C,0.324,35
AMR,rs7049850,T,0.435,228,C,0.565,296,T|T,0.098,34,C,0.288,100,C|C,0.153,53
CLM,rs7049850,T,0.469,68,C,0.531,77,T|T,0.117,11,C,0.245,23,C|C,0.149,14
MXL,rs7049850,T,0.438,42,C,0.562,54,T|T,0.109,7,C,0.281,18,C|C,0.172,11
PEL,rs7049850,T,0.341,44,C,0.659,85,T|T,0.082,7,C,0.376,32,C|C,0.188,16
PUR,rs7049850,T,0.481,74,C,0.519,80,T|T,0.087,9,C,0.26,27,C|C,0.115,12
EAS,rs7049850,T,0.513,392,C,0.487,372,T|T,0.115,58,C,0.214,108,C|C,0.123,62
CDX,rs7049850,T,0.415,59,C,0.585,83,T|T,0.065,6,C,0.29,27,C|C,0.14,13
CHB,rs7049850,T,0.481,77,C,0.519,83,T|T,0.087,9,C,0.204,21,C|C,0.136,14
CHS,rs7049850,T,0.544,86,C,0.456,72,T|T,0.133,14,C,0.181,19,C|C,0.133,14
JPT,rs7049850,T,0.645,98,C,0.355,54,T|T,0.173,18,C,0.173,18,C|C,0.058,6
KHV,rs7049850,T,0.474,72,C,0.526,80,T|T,0.111,11,C,0.232,23,C|C,0.152,15
EUR,rs7049850,T,0.567,434,C,0.433,332,T|T,0.171,86,C,0.207,104,C|C,0.101,51
CEU,rs7049850,T,0.55,82,C,0.45,67,T|T,0.152,15,C,0.232,23,C|C,0.091,9
FIN,rs7049850,T,0.606,97,C,0.394,63,T|T,0.232,23,C,0.141,14,C|C,0.111,11
GBR,rs7049850,T,0.588,80,C,0.412,56,T|T,0.165,15,C,0.22,20,C|C,0.066,6
IBS,rs7049850,T,0.519,83,C,0.481,77,T|T,0.15,16,C,0.252,27,C|C,0.121,13
TSI,rs7049850,T,0.571,92,C,0.429,69,T|T,0.159,17,C,0.187,20,C|C,0.112,12
SAS,rs7049850,T,0.632,454,C,0.368,264,T|T,0.2,98,C,0.202,99,C|C,0.07,34
BEB,rs7049850,T,0.692,90,C,0.308,40,T|T,0.221,19,C,0.163,14,C|C,0.012,1
GIH,rs7049850,T,0.607,91,C,0.393,59,T|T,0.214,22,C,0.223,23,C|C,0.107,11
ITU,rs7049850,T,0.655,95,C,0.345,50,T|T,0.216,22,C,0.255,26,C|C,0.029,3
PJL,rs7049850,T,0.618,89,C,0.382,55,T|T,0.188,18,C,0.146,14,C|C,0.115,11
STU,rs7049850,T,0.597,89,C,0.403,60,T|T,0.167,17,C,0.216,22,C|C,0.078,8
ALL,rs7011192,A,0.073,364,G,0.927,4644,A|A,0.008,20,A|G,0.129,324,G|G,0.863,2160
AFR,rs7011192,A,0.008,10,G,0.992,1312,A|G,0.015,10,G|G,0.985,651,None,0.0,0
ACB,rs7011192,A,0.005,1,G,0.995,191,A|G,0.01,1,G|G,0.99,95,None,0.0,0
ASW,rs7011192,A,0.041,5,G,0.959,117,A|G,0.082,5,G|G,0.918,56,None,0.0,0
ESN,rs7011192,G,1.0,198,None,0.0,0,G|G,1.0,99,None,0.0,0,None,0.0,0
GWD,rs7011192,A,0.004,1,G,0.996,225,A|G,0.009,1,G|G,0.991,112,None,0.0,0
LWK,rs7011192,A,0.015,3,G,0.985,195,A|G,0.03,3,G|G,0.97,96,G|G,0.677,235
MSL,rs7011192,G,1.0,170,None,0.0,0,G|G,1.0,85,None,0.0,0,None,0.0,0
YRI,rs7011192,G,1.0,216,None,0.0,0,G|G,1.0,108,None,0.0,0,G|G,0.594,38
AMR,rs7011192,A,0.179,124,G,0.821,570,A|A,0.035,12,A|G,0.288,100,G|G,0.494,42
CLM,rs7011192,A,0.112,21,G,0.888,167,A|G,0.223,21,G|G,0.777,73,None,0.0,0
MXL,rs7011192,A,0.211,27,G,0.789,101,A|A,0.016,1,A|G,0.391,25,G|G,0.841,424
PEL,rs7011192,A,0.318,54,G,0.682,116,A|A,0.129,11,A|G,0.376,32,G|G,0.86,80
PUR,rs7011192,A,0.106,22,G,0.894,186,A|G,0.212,22,G|G,0.788,82,None,0.0,0
EAS,rs7011192,A,0.083,84,G,0.917,924,A|A,0.008,4,A|G,0.151,76,None,0.0,0
CDX,rs7011192,A,0.075,14,G,0.925,172,A|A,0.011,1,A|G,0.129,12,G|G,0.798,83
CHB,rs7011192,A,0.044,9,G,0.956,197,A|G,0.087,9,G|G,0.913,94,G|G,0.798,79
CHS,rs7011192,A,0.081,17,G,0.919,193,A|G,0.162,17,G|G,0.838,88,G|G,0.813,409
JPT,rs7011192,A,0.111,23,G,0.889,185,A|A,0.019,2,A|G,0.183,19,None,0.0,0
KHV,rs7011192,A,0.106,21,G,0.894,177,A|A,0.01,1,A|G,0.192,19,None,0.0,0
EUR,rs7011192,A,0.096,97,G,0.904,909,A|A,0.006,3,A|G,0.181,91,G|G,0.725,66
CEU,rs7011192,A,0.045,9,G,0.955,189,A|G,0.091,9,G|G,0.909,90,None,0.0,0
FIN,rs7011192,A,0.081,16,G,0.919,182,A|G,0.162,16,G|G,0.838,83,G|G,0.766,82
GBR,rs7011192,A,0.143,26,G,0.857,156,A|A,0.011,1,A|G,0.264,24,G|G,0.902,441
IBS,rs7011192,A,0.089,19,G,0.911,195,A|G,0.178,19,G|G,0.822,88,None,0.0,0
TSI,rs7011192,A,0.126,27,G,0.874,187,A|A,0.019,2,A|G,0.215,23,G|G,0.845,87
SAS,rs7011192,A,0.05,49,G,0.95,929,A|A,0.002,1,A|G,0.096,47,None,0.0,0
BEB,rs7011192,A,0.041,7,G,0.959,165,A|G,0.081,7,G|G,0.919,79,None,0.0,0
GIH,rs7011192,A,0.083,17,G,0.917,189,A|A,0.01,1,A|G,0.146,15,None,0.0,0
ITU,rs7011192,A,0.039,8,G,0.961,196,A|G,0.078,8,G|G,0.922,94,G|G,0.109,273
PJL,rs7011192,A,0.042,8,G,0.958,184,A|G,0.083,8,G|G,0.917,88,G|G,0.166,110
STU,rs7011192,A,0.044,9,G,0.956,195,A|G,0.088,9,G|G,0.912,93,G|G,0.135,13
ALL,rs1402514,A,0.707,3539,G,0.293,1469,A|A,0.522,1308,A|G,0.369,923,G|G,0.148,9
AFR,rs1402514,A,0.595,787,G,0.405,535,A|A,0.357,236,A|G,0.477,315,G|G,0.111,11
ACB,rs1402514,A,0.635,122,G,0.365,70,A|A,0.406,39,A|G,0.458,44,G|G,0.186,21
ASW,rs1402514,A,0.615,75,G,0.385,47,A|A,0.377,23,A|G,0.475,29,G|G,0.182,18
ESN,rs1402514,A,0.662,131,G,0.338,67,A|A,0.434,43,A|G,0.455,45,G|G,0.247,21
GWD,rs1402514,A,0.527,119,G,0.473,107,A|A,0.239,27,A|G,0.575,65,G|G,0.157,17
LWK,rs1402514,A,0.571,113,G,0.429,85,A|A,0.323,32,A|G,0.495,49,G|G,0.098,34
MSL,rs1402514,A,0.541,92,G,0.459,78,A|A,0.329,28,A|G,0.424,36,G|G,0.106,10
YRI,rs1402514,A,0.625,135,G,0.375,81,A|A,0.407,44,A|G,0.435,47,G|G,0.094,6
AMR,rs1402514,A,0.746,518,G,0.254,176,A|A,0.591,205,A|G,0.311,108,G|G,0.012,1
CLM,rs1402514,A,0.702,132,G,0.298,56,A|A,0.511,48,A|G,0.383,36,G|G,0.163,17
MXL,rs1402514,A,0.734,94,G,0.266,34,A|A,0.562,36,A|G,0.344,22,G|G,0.008,4
PEL,rs1402514,A,0.912,155,G,0.088,15,A|A,0.835,71,A|G,0.153,13,None,0.0,0
PUR,rs1402514,A,0.659,137,G,0.341,71,A|A,0.481,50,A|G,0.356,37,G|G,0.01,1
EAS,rs1402514,A,0.911,918,G,0.089,90,A|A,0.829,418,A|G,0.163,82,G|G,0.01,1
CDX,rs1402514,A,0.952,177,G,0.048,9,A|A,0.903,84,A|G,0.097,9,G|G,0.019,2
CHB,rs1402514,A,0.903,186,G,0.097,20,A|A,0.816,84,A|G,0.175,18,None,0.0,0
CHS,rs1402514,A,0.895,188,G,0.105,22,A|A,0.8,84,A|G,0.19,20,G|G,0.163,82
JPT,rs1402514,A,0.885,184,G,0.115,24,A|A,0.788,82,A|G,0.192,20,G|G,0.141,14
KHV,rs1402514,A,0.924,183,G,0.076,15,A|A,0.848,84,A|G,0.152,15,G|G,0.101,10
EUR,rs1402514,A,0.603,607,G,0.397,399,A|A,0.37,186,A|G,0.467,235,G|G,0.187,17
CEU,rs1402514,A,0.626,124,G,0.374,74,A|A,0.394,39,A|G,0.465,46,G|G,0.159,17
FIN,rs1402514,A,0.697,138,G,0.303,60,A|A,0.495,49,A|G,0.404,40,G|G,0.224,24
GBR,rs1402514,A,0.599,109,G,0.401,73,A|A,0.385,35,A|G,0.429,39,G|G,0.088,43
IBS,rs1402514,A,0.579,124,G,0.421,90,A|A,0.318,34,A|G,0.523,56,G|G,0.116,10
TSI,rs1402514,A,0.523,112,G,0.477,102,A|A,0.271,29,A|G,0.505,54,G|G,0.068,7
SAS,rs1402514,A,0.725,709,G,0.275,269,A|A,0.538,263,A|G,0.374,183,G|G,0.049,5
BEB,rs1402514,A,0.715,123,G,0.285,49,A|A,0.547,47,A|G,0.337,29,G|G,0.115,11
GIH,rs1402514,A,0.752,155,G,0.248,51,A|A,0.573,59,A|G,0.359,37,G|G,0.098,10
ITU,rs1402514,A,0.75,153,G,0.25,51,A|A,0.549,56,A|G,0.402,41,G|G,0.009,23
PJL,rs1402514,A,0.672,129,G,0.328,63,A|A,0.458,44,A|G,0.427,41,None,0.0,0
STU,rs1402514,A,0.73,149,G,0.27,55,A|A,0.559,57,A|G,0.343,35,None,0.0,0
ALL,rs73182688,A,0.919,4602,G,0.081,406,A|A,0.847,2121,A|G,0.144,360,None,0.0,0
AFR,rs73182688,A,0.992,1312,G,0.008,10,A|A,0.985,651,A|G,0.015,10,G|G,0.017,6
ACB,rs73182688,A,0.979,188,G,0.021,4,A|A,0.958,92,A|G,0.042,4,G|G,0.011,1
ASW,rs73182688,A,0.951,116,G,0.049,6,A|A,0.902,55,A|G,0.098,6,None,0.0,0
ESN,rs73182688,A,1.0,198,None,0.0,0,A|A,1.0,99,None,0.0,0,G|G,0.024,2
GWD,rs73182688,A,1.0,226,None,0.0,0,A|A,1.0,113,None,0.0,0,G|G,0.029,3
LWK,rs73182688,A,1.0,198,None,0.0,0,A|A,1.0,99,None,0.0,0,G|G,0.022,11
MSL,rs73182688,A,1.0,170,None,0.0,0,A|A,1.0,85,None,0.0,0,G|G,0.032,3
YRI,rs73182688,A,1.0,216,None,0.0,0,A|A,1.0,108,None,0.0,0,None,0.0,0
AMR,rs73182688,A,0.892,619,G,0.108,75,A|A,0.801,278,A|G,0.182,63,G|G,0.029,3
CLM,rs73182688,A,0.926,174,G,0.074,14,A|A,0.862,81,A|G,0.128,12,G|G,0.038,4
MXL,rs73182688,A,0.883,113,G,0.117,15,A|A,0.766,49,A|G,0.234,15,G|G,0.01,1
PEL,rs73182688,A,0.871,148,G,0.129,22,A|A,0.765,65,A|G,0.212,18,G|G,0.01,5
PUR,rs73182688,A,0.885,184,G,0.115,24,A|A,0.798,83,A|G,0.173,18,None,0.0,0
EAS,rs73182688,A,0.852,859,G,0.148,149,A|A,0.726,366,A|G,0.252,127,None,0.0,0
CDX,rs73182688,A,0.817,152,G,0.183,34,A|A,0.667,62,A|G,0.301,28,G|G,0.011,1
CHB,rs73182688,A,0.888,183,G,0.112,23,A|A,0.777,80,A|G,0.223,23,G|G,0.028,3
CHS,rs73182688,A,0.838,176,G,0.162,34,A|A,0.705,74,A|G,0.267,28,G|G,0.009,1
JPT,rs73182688,A,0.788,164,G,0.212,44,A|A,0.615,64,A|G,0.346,36,G|G,0.002,1
KHV,rs73182688,A,0.929,184,G,0.071,14,A|A,0.869,86,A|G,0.121,12,None,0.0,0
EUR,rs73182688,A,0.894,899,G,0.106,107,A|A,0.797,401,A|G,0.193,97,None,0.0,0
CEU,rs73182688,A,0.884,175,G,0.116,23,A|A,0.768,76,A|G,0.232,23,G|G,0.01,1
FIN,rs73182688,A,0.894,177,G,0.106,21,A|A,0.788,78,A|G,0.212,21,None,0.0,0
GBR,rs73182688,A,0.896,163,G,0.104,19,A|A,0.802,73,A|G,0.187,17,None,0.0,0
IBS,rs73182688,A,0.902,193,G,0.098,21,A|A,0.832,89,A|G,0.14,15,A|T,0.446,1116
TSI,rs73182688,A,0.893,191,G,0.107,23,A|A,0.794,85,A|G,0.196,21,A|T,0.522,345
SAS,rs73182688,A,0.934,913,G,0.066,65,A|A,0.869,425,A|G,0.129,63,A|T,0.542,52
BEB,rs73182688,A,0.953,164,G,0.047,8,A|A,0.907,78,A|G,0.093,8,A|T,0.525,32
GIH,rs73182688,A,0.951,196,G,0.049,10,A|A,0.903,93,A|G,0.097,10,A|T,0.485,48
ITU,rs73182688,A,0.922,188,G,0.078,16,A|A,0.853,87,A|G,0.137,14,A|T,0.478,54
PJL,rs73182688,A,0.927,178,G,0.073,14,A|A,0.854,82,A|G,0.146,14,A|T,0.606,60
STU,rs73182688,A,0.917,187,G,0.083,17,A|A,0.833,85,A|G,0.167,17,A|T,0.529,45
ALL,rs500042,T,0.25,1254,A,0.75,3754,T|T,0.028,69,A|A,0.527,1319,A|T,0.5,54
AFR,rs500042,T,0.331,437,A,0.669,885,T|T,0.07,46,A|A,0.408,270,A|T,0.418,145
ACB,rs500042,T,0.333,64,A,0.667,128,T|T,0.062,6,A|A,0.396,38,None,0.0,0
ASW,rs500042,T,0.311,38,A,0.689,84,T|T,0.049,3,A|A,0.426,26,A|T,0.328,21
ESN,rs500042,T,0.343,68,A,0.657,130,T|T,0.101,10,A|A,0.414,41,None,0.0,0
GWD,rs500042,T,0.319,72,A,0.681,154,T|T,0.08,9,A|A,0.442,50,A|T,0.5,52
LWK,rs500042,T,0.374,74,A,0.626,124,T|T,0.071,7,A|A,0.323,32,A|T,0.5,252
MSL,rs500042,T,0.312,53,A,0.688,117,T|T,0.047,4,A|A,0.424,36,None,0.0,0
YRI,rs500042,T,0.315,68,A,0.685,148,T|T,0.065,7,A|A,0.435,47,A|T,0.466,48
AMR,rs500042,T,0.223,155,A,0.777,539,T|T,0.014,5,A|A,0.568,197,A|T,0.543,57
CLM,rs500042,T,0.207,39,A,0.793,149,A|A,0.585,55,A|T,0.415,39,A|T,0.558,58
MXL,rs500042,T,0.211,27,A,0.789,101,T|T,0.047,3,A|A,0.625,40,A|T,0.515,51
PEL,rs500042,T,0.194,33,A,0.806,137,A|A,0.612,52,A|T,0.388,33,A|T,0.342,172
PUR,rs500042,T,0.269,56,A,0.731,152,T|T,0.019,2,A|A,0.481,50,None,0.0,0
EAS,rs500042,T,0.266,268,A,0.734,740,T|T,0.016,8,A|A,0.484,244,None,0.0,0
CDX,rs500042,T,0.204,38,A,0.796,148,A|A,0.591,55,A|T,0.409,38,A|T,0.407,37
CHB,rs500042,T,0.272,56,A,0.728,150,T|T,0.039,4,A|A,0.495,51,A|T,0.355,38
CHS,rs500042,T,0.29,61,A,0.71,149,T|T,0.019,2,A|A,0.438,46,A|T,0.327,35
JPT,rs500042,T,0.288,60,A,0.712,148,T|T,0.01,1,A|A,0.433,45,A|T,0.413,202
KHV,rs500042,T,0.268,53,A,0.732,145,T|T,0.01,1,A|A,0.475,47,A|T,0.36,31
EUR,rs500042,T,0.177,178,A,0.823,828,T|T,0.006,3,A|A,0.652,328,None,0.0,0
CEU,rs500042,T,0.182,36,A,0.818,162,A|A,0.636,63,A|T,0.364,36,A|T,0.412,42
FIN,rs500042,T,0.131,26,A,0.869,172,A|A,0.737,73,A|T,0.263,26,A|T,0.406,39
GBR,rs500042,T,0.214,39,A,0.786,143,T|T,0.011,1,A|A,0.582,53,None,0.0,0
IBS,rs500042,T,0.187,40,A,0.813,174,T|T,0.009,1,A|A,0.636,68,A|G,0.055,137
TSI,rs500042,T,0.173,37,A,0.827,177,T|T,0.009,1,A|A,0.664,71,None,0.0,0
SAS,rs500042,T,0.221,216,A,0.779,762,T|T,0.014,7,A|A,0.573,280,None,0.0,0
BEB,rs500042,T,0.203,35,A,0.797,137,T|T,0.023,2,A|A,0.616,53,A|G,0.058,20
GIH,rs500042,T,0.223,46,A,0.777,160,A|A,0.553,57,A|T,0.447,46,None,0.0,0
ITU,rs500042,T,0.225,46,A,0.775,158,T|T,0.02,2,A|A,0.569,58,A|G,0.062,4
PJL,rs500042,T,0.234,45,A,0.766,147,T|T,0.031,3,A|A,0.562,54,None,0.0,0
STU,rs500042,T,0.216,44,A,0.784,160,A|A,0.569,58,A|T,0.431,44,A|G,0.105,53
ALL,rs7545525,G,0.967,4841,A,0.033,167,G|G,0.939,2352,A|A,0.006,15,None,0.0,0
AFR,rs7545525,G,0.999,1321,A,0.001,1,G|G,0.998,660,A|G,0.002,1,None,0.0,0
ACB,rs7545525,G,0.995,191,A,0.005,1,G|G,0.99,95,A|G,0.01,1,None,0.0,0
ASW,rs7545525,G,1.0,122,None,0.0,0,G|G,1.0,61,None,0.0,0,A|G,0.084,9
ESN,rs7545525,G,1.0,198,None,0.0,0,G|G,1.0,99,None,0.0,0,A|G,0.084,9
GWD,rs7545525,G,1.0,226,None,0.0,0,G|G,1.0,113,None,0.0,0,A|G,0.129,63
LWK,rs7545525,G,1.0,198,None,0.0,0,G|G,1.0,99,None,0.0,0,A|G,0.105,9
MSL,rs7545525,G,1.0,170,None,0.0,0,G|G,1.0,85,None,0.0,0,A|G,0.087,9
YRI,rs7545525,G,1.0,216,None,0.0,0,G|G,1.0,108,None,0.0,0,A|G,0.108,11
AMR,rs7545525,G,0.968,672,A,0.032,22,G|G,0.939,326,A|A,0.003,1,A|G,0.188,18
CLM,rs7545525,G,0.936,176,A,0.064,12,G|G,0.872,82,A|G,0.128,12,None,0.0,0
MXL,rs7545525,G,0.953,122,A,0.047,6,G|G,0.922,59,A|A,0.016,1,T|T,0.327,819
PEL,rs7545525,G,1.0,170,None,0.0,0,G|G,1.0,85,None,0.0,0,T|T,0.439,290
PUR,rs7545525,G,0.981,204,A,0.019,4,G|G,0.962,100,A|G,0.038,4,T|T,0.521,50
EAS,rs7545525,G,1.0,1008,None,0.0,0,G|G,1.0,504,None,0.0,0,T|T,0.475,29
CDX,rs7545525,G,1.0,186,None,0.0,0,G|G,1.0,93,None,0.0,0,T|T,0.424,42
CHB,rs7545525,G,1.0,206,None,0.0,0,G|G,1.0,103,None,0.0,0,T|T,0.354,40
CHS,rs7545525,G,1.0,210,None,0.0,0,G|G,1.0,105,None,0.0,0,T|T,0.404,40
JPT,rs7545525,G,1.0,208,None,0.0,0,G|G,1.0,104,None,0.0,0,T|T,0.4,34
KHV,rs7545525,G,1.0,198,None,0.0,0,G|G,1.0,99,None,0.0,0,T|T,0.509,55
EUR,rs7545525,G,0.939,945,A,0.061,61,G|G,0.887,446,A|A,0.008,4,T|T,0.248,86
CEU,rs7545525,G,0.934,185,A,0.066,13,G|G,0.869,86,A|G,0.131,13,T|T,0.213,20
FIN,rs7545525,G,0.934,185,A,0.066,13,G|G,0.869,86,A|G,0.131,13,T|T,0.281,18
GBR,rs7545525,G,0.951,173,A,0.049,9,G|G,0.901,82,A|G,0.099,9,T|T,0.282,24
IBS,rs7545525,G,0.949,203,A,0.051,11,G|G,0.907,97,A|A,0.009,1,T|T,0.231,24
TSI,rs7545525,G,0.93,199,A,0.07,15,G|G,0.888,95,A|A,0.028,3,T|T,0.474,239
SAS,rs7545525,G,0.915,895,A,0.085,83,G|G,0.851,416,A|A,0.02,10,T|T,0.452,42
BEB,rs7545525,G,0.901,155,A,0.099,17,G|G,0.849,73,A|A,0.047,4,T|T,0.485,50
GIH,rs7545525,G,0.947,195,A,0.053,11,G|G,0.903,93,A|A,0.01,1,T|T,0.581,61
ITU,rs7545525,G,0.917,187,A,0.083,17,G|G,0.863,88,A|A,0.029,3,T|T,0.413,43
PJL,rs7545525,G,0.885,170,A,0.115,22,G|G,0.792,76,A|A,0.021,2,T|T,0.434,43
STU,rs7545525,G,0.922,188,A,0.078,16,G|G,0.843,86,A|G,0.157,16,T|T,0.219,110
ALL,rs3741042,C,0.444,2223,T,0.556,2785,C|C,0.215,538,C|T,0.458,1147,T|T,0.212,21
AFR,rs3741042,C,0.343,453,T,0.657,869,C|C,0.124,82,C|T,0.437,289,T|T,0.293,29
ACB,rs3741042,C,0.292,56,T,0.708,136,C|C,0.104,10,C|T,0.375,36,T|T,0.209,19
ASW,rs3741042,C,0.32,39,T,0.68,83,C|C,0.115,7,C|T,0.41,25,T|T,0.187,20
ESN,rs3741042,C,0.359,71,T,0.641,127,C|C,0.141,14,C|T,0.434,43,T|T,0.196,21
GWD,rs3741042,C,0.403,91,T,0.597,135,C|C,0.159,18,C|T,0.487,55,T|T,0.192,94
LWK,rs3741042,C,0.369,73,T,0.631,125,C|C,0.141,14,C|T,0.455,45,T|T,0.314,27
MSL,rs3741042,C,0.359,61,T,0.641,109,C|C,0.118,10,C|T,0.482,41,T|T,0.194,20
YRI,rs3741042,C,0.287,62,T,0.713,154,C|C,0.083,9,C|T,0.407,44,T|T,0.147,15
AMR,rs3741042,C,0.51,354,T,0.49,340,C|C,0.268,93,C|T,0.484,168,T|T,0.135,13
CLM,rs3741042,C,0.543,102,T,0.457,86,C|C,0.298,28,C|T,0.489,46,T|T,0.186,19
MXL,rs3741042,C,0.492,63,T,0.508,65,C|C,0.266,17,C|T,0.453,29,A|G,0.379,950
PEL,rs3741042,C,0.465,79,T,0.535,91,C|C,0.212,18,C|T,0.506,43,A|G,0.469,310
PUR,rs3741042,C,0.529,110,T,0.471,98,C|C,0.288,30,C|T,0.481,50,A|G,0.385,37
EAS,rs3741042,C,0.31,312,T,0.69,696,C|C,0.093,47,C|T,0.433,218,A|G,0.426,26
CDX,rs3741042,C,0.301,56,T,0.699,130,C|C,0.054,5,C|T,0.495,46,A|G,0.556,55
CHB,rs3741042,C,0.311,64,T,0.689,142,C|C,0.107,11,C|T,0.408,42,A|G,0.496,56
CHS,rs3741042,C,0.248,52,T,0.752,158,C|C,0.076,8,C|T,0.343,36,A|G,0.475,47
JPT,rs3741042,C,0.351,73,T,0.649,135,C|C,0.115,12,C|T,0.471,49,A|G,0.529,45
KHV,rs3741042,C,0.338,67,T,0.662,131,C|C,0.111,11,C|T,0.455,45,A|G,0.407,44
EUR,rs3741042,C,0.539,542,T,0.461,464,C|C,0.296,149,C|T,0.485,244,A|G,0.424,147
CEU,rs3741042,C,0.545,108,T,0.455,90,C|C,0.303,30,C|T,0.485,48,A|G,0.447,42
FIN,rs3741042,C,0.455,90,T,0.545,108,C|C,0.202,20,C|T,0.505,50,A|G,0.469,30
GBR,rs3741042,C,0.511,93,T,0.489,89,C|C,0.231,21,C|T,0.56,51,A|G,0.376,32
IBS,rs3741042,C,0.598,128,T,0.402,86,C|C,0.383,41,C|T,0.43,46,A|G,0.413,43
TSI,rs3741042,C,0.575,123,T,0.425,91,C|C,0.346,37,C|T,0.458,49,A|G,0.276,139
SAS,rs3741042,C,0.575,562,T,0.425,416,C|C,0.342,167,C|T,0.466,228,A|G,0.183,17
BEB,rs3741042,C,0.43,74,T,0.57,98,C|C,0.174,15,C|T,0.512,44,A|G,0.272,28
GIH,rs3741042,C,0.578,119,T,0.422,87,C|C,0.35,36,C|T,0.456,47,A|G,0.314,33
ITU,rs3741042,C,0.608,124,T,0.392,80,C|C,0.363,37,C|T,0.49,50,A|G,0.327,34
PJL,rs3741042,C,0.625,120,T,0.375,72,C|C,0.385,37,C|T,0.479,46,A|G,0.273,27
STU,rs3741042,C,0.613,125,T,0.387,79,C|C,0.412,42,C|T,0.402,41,A|G,0.25,126
ALL,rs8041188,G,0.562,2816,A,0.438,2192,G|G,0.373,933,A|A,0.248,621,A|G,0.303,30
AFR,rs8041188,G,0.536,708,A,0.464,614,G|G,0.301,199,A|A,0.23,152,A|G,0.232,23
ACB,rs8041188,G,0.609,117,A,0.391,75,G|G,0.417,40,A|A,0.198,19,A|G,0.231,21
ASW,rs8041188,G,0.541,66,A,0.459,56,G|G,0.328,20,A|A,0.246,15,A|G,0.234,25
ESN,rs8041188,G,0.5,99,A,0.5,99,G|G,0.222,22,A|A,0.222,22,A|G,0.252,27
GWD,rs8041188,G,0.504,114,A,0.496,112,G|G,0.257,29,A|A,0.248,28,A|G,0.466,228
LWK,rs8041188,G,0.551,109,A,0.449,89,G|G,0.313,31,A|A,0.212,21,A|G,0.395,34
MSL,rs8041188,G,0.512,87,A,0.488,83,G|G,0.247,21,A|A,0.224,19,A|G,0.505,52
YRI,rs8041188,G,0.537,116,A,0.463,100,G|G,0.333,36,A|A,0.259,28,A|G,0.5,51
AMR,rs8041188,G,0.63,437,A,0.37,257,G|G,0.418,145,A|A,0.159,55,A|G,0.458,44
CLM,rs8041188,G,0.649,122,A,0.351,66,G|G,0.426,40,A|A,0.128,12,A|G,0.461,47
MXL,rs8041188,G,0.562,72,A,0.438,56,G|G,0.328,21,A|A,0.203,13,None,0.0,0
PEL,rs8041188,G,0.6,102,A,0.4,68,G|G,0.412,35,A|A,0.212,18,None,0.0,0
PUR,rs8041188,G,0.678,141,A,0.322,67,G|G,0.471,49,A|A,0.115,12,None,0.0,0
EAS,rs8041188,G,0.291,293,A,0.709,715,G|G,0.153,77,A|A,0.571,288,None,0.0,0
CDX,rs8041188,G,0.296,55,A,0.704,131,G|G,0.204,19,A|A,0.613,57,None,0.0,0
CHB,rs8041188,G,0.311,64,A,0.689,142,G|G,0.175,18,A|A,0.553,57,None,0.0,0
CHS,rs8041188,G,0.31,65,A,0.69,145,G|G,0.152,16,A|A,0.533,56,None,0.0,0
JPT,rs8041188,G,0.231,48,A,0.769,160,G|G,0.067,7,A|A,0.606,63,A|G,0.286,715
KHV,rs8041188,G,0.308,61,A,0.692,137,G|G,0.172,17,A|A,0.556,55,None,0.0,0
EUR,rs8041188,G,0.829,834,A,0.171,172,G|G,0.704,354,A|A,0.046,23,None,0.0,0
CEU,rs8041188,G,0.808,160,A,0.192,38,G|G,0.657,65,A|A,0.04,4,None,0.0,0
FIN,rs8041188,G,0.854,169,A,0.146,29,G|G,0.737,73,A|A,0.03,3,None,0.0,0
GBR,rs8041188,G,0.819,149,A,0.181,33,G|G,0.703,64,A|A,0.066,6,None,0.0,0
IBS,rs8041188,G,0.808,173,A,0.192,41,G|G,0.692,74,A|A,0.075,8,None,0.0,0
TSI,rs8041188,G,0.855,183,A,0.145,31,G|G,0.729,78,A|A,0.019,2,None,0.0,0
SAS,rs8041188,G,0.556,544,A,0.444,434,G|G,0.323,158,A|A,0.211,103,None,0.0,0
BEB,rs8041188,G,0.558,96,A,0.442,76,G|G,0.36,31,A|A,0.244,21,A|G,0.303,105
GIH,rs8041188,G,0.602,124,A,0.398,82,G|G,0.35,36,A|A,0.146,15,A|G,0.362,34
ITU,rs8041188,G,0.485,99,A,0.515,105,G|G,0.235,24,A|A,0.265,27,A|G,0.344,22
PJL,rs8041188,G,0.604,116,A,0.396,76,G|G,0.375,36,A|A,0.167,16,A|G,0.247,21
STU,rs8041188,G,0.534,109,A,0.466,95,G|G,0.304,31,A|A,0.235,24,A|G,0.269,28
ALL,rs145791079,T,0.998,4996,C,0.002,12,T|T,0.995,2492,C|T,0.005,12,A|G,0.484,244
AFR,rs145791079,T,1.0,1322,None,0.0,0,T|T,1.0,661,None,0.0,0,A|G,0.473,44
ACB,rs145791079,T,1.0,192,None,0.0,0,T|T,1.0,96,None,0.0,0,A|G,0.437,45
ASW,rs145791079,T,1.0,122,None,0.0,0,T|T,1.0,61,None,0.0,0,A|G,0.524,55
ESN,rs145791079,T,1.0,198,None,0.0,0,T|T,1.0,99,None,0.0,0,A|G,0.481,50
GWD,rs145791079,T,1.0,226,None,0.0,0,T|T,1.0,113,None,0.0,0,A|G,0.505,50
LWK,rs145791079,T,1.0,198,None,0.0,0,T|T,1.0,99,None,0.0,0,A|G,0.29,146
MSL,rs145791079,T,1.0,170,None,0.0,0,T|T,1.0,85,None,0.0,0,A|G,0.283,28
YRI,rs145791079,T,1.0,216,None,0.0,0,T|T,1.0,108,None,0.0,0,A|G,0.293,29
AMR,rs145791079,T,1.0,694,None,0.0,0,T|T,1.0,347,None,0.0,0,A|G,0.308,28
CLM,rs145791079,T,1.0,188,None,0.0,0,T|T,1.0,94,None,0.0,0,A|G,0.29,31
MXL,rs145791079,T,1.0,128,None,0.0,0,T|T,1.0,64,None,0.0,0,A|G,0.28,30
PEL,rs145791079,T,1.0,170,None,0.0,0,T|T,1.0,85,None,0.0,0,A|G,0.358,175
PUR,rs145791079,T,1.0,208,None,0.0,0,T|T,1.0,104,None,0.0,0,A|G,0.314,27
EAS,rs145791079,T,0.988,996,C,0.012,12,T|T,0.976,492,C|T,0.024,12,A|G,0.417,43
CDX,rs145791079,T,0.984,183,C,0.016,3,T|T,0.968,90,C|T,0.032,3,A|G,0.373,38
CHB,rs145791079,T,0.985,203,C,0.015,3,T|T,0.971,100,C|T,0.029,3,A|G,0.365,35
CHS,rs145791079,T,0.99,208,C,0.01,2,T|T,0.981,103,C|T,0.019,2,A|G,0.314,32
JPT,rs145791079,T,0.986,205,C,0.014,3,T|T,0.971,101,C|T,0.029,3,C|T,0.428,1071
KHV,rs145791079,T,0.995,197,C,0.005,1,T|T,0.99,98,C|T,0.01,1,C|T,0.419,277
EUR,rs145791079,T,1.0,1006,None,0.0,0,T|T,1.0,503,None,0.0,0,C|T,0.469,45
CEU,rs145791079,T,1.0,198,None,0.0,0,T|T,1.0,99,None,0.0,0,C|T,0.557,34
FIN,rs145791079,T,1.0,198,None,0.0,0,T|T,1.0,99,None,0.0,0,C|T,0.485,48
GBR,rs145791079,T,1.0,182,None,0.0,0,T|T,1.0,91,None,0.0,0,C|T,0.363,41
IBS,rs145791079,T,1.0,214,None,0.0,0,T|T,1.0,107,None,0.0,0,C|T,0.303,30
TSI,rs145791079,T,1.0,214,None,0.0,0,T|T,1.0,107,None,0.0,0,C|T,0.353,30
SAS,rs145791079,T,1.0,978,None,0.0,0,T|T,1.0,489,None,0.0,0,C|T,0.454,49
BEB,rs145791079,T,1.0,172,None,0.0,0,T|T,1.0,86,None,0.0,0,C|T,0.401,139
GIH,rs145791079,T,1.0,206,None,0.0,0,T|T,1.0,103,None,0.0,0,C|T,0.319,30
ITU,rs145791079,T,1.0,204,None,0.0,0,T|T,1.0,102,None,0.0,0,C|T,0.312,20
PJL,rs145791079,T,1.0,192,None,0.0,0,T|T,1.0,96,None,0.0,0,C|T,0.388,33
STU,rs145791079,T,1.0,204,None,0.0,0,T|T,1.0,102,None,0.0,0,C|T,0.538,56
ALL,rs61994674,G,0.793,3971,A,0.207,1037,G|G,0.65,1628,A|A,0.064,161,C|T,0.454,229
AFR,rs61994674,G,0.966,1277,A,0.034,45,G|G,0.932,616,A|G,0.068,45,C|T,0.505,47
ACB,rs61994674,G,0.969,186,A,0.031,6,G|G,0.938,90,A|G,0.062,6,C|T,0.398,41
ASW,rs61994674,G,0.926,113,A,0.074,9,G|G,0.852,52,A|G,0.148,9,C|T,0.41,43
ESN,rs61994674,G,0.99,196,A,0.01,2,G|G,0.98,97,A|G,0.02,2,C|T,0.452,47
GWD,rs61994674,G,0.965,218,A,0.035,8,G|G,0.929,105,A|G,0.071,8,C|T,0.515,51
LWK,rs61994674,G,0.97,192,A,0.03,6,G|G,0.939,93,A|G,0.061,6,C|T,0.378,190
MSL,rs61994674,G,0.988,168,A,0.012,2,G|G,0.976,83,A|G,0.024,2,C|T,0.414,41
YRI,rs61994674,G,0.944,204,A,0.056,12,G|G,0.889,96,A|G,0.111,12,C|T,0.313,31
AMR,rs61994674,G,0.808,561,A,0.192,133,G|G,0.657,228,A|A,0.04,14,C|T,0.363,33
CLM,rs61994674,G,0.777,146,A,0.223,42,G|G,0.596,56,A|A,0.043,4,C|T,0.318,34
MXL,rs61994674,G,0.797,102,A,0.203,26,G|G,0.625,40,A|A,0.031,2,C|T,0.477,51
PEL,rs61994674,G,0.841,143,A,0.159,27,G|G,0.718,61,A|A,0.035,3,C|T,0.483,236
PUR,rs61994674,G,0.817,170,A,0.183,38,G|G,0.683,71,A|A,0.048,5,C|T,0.407,35
EAS,rs61994674,G,0.569,574,A,0.431,434,G|G,0.327,165,A|A,0.188,95,C|T,0.573,59
CDX,rs61994674,G,0.538,100,A,0.462,86,G|G,0.301,28,A|A,0.226,21,C|T,0.451,46
CHB,rs61994674,G,0.646,133,A,0.354,73,G|G,0.427,44,A|A,0.136,14,C|T,0.51,49
CHS,rs61994674,G,0.643,135,A,0.357,75,G|G,0.381,40,A|A,0.095,10,C|T,0.461,47
JPT,rs61994674,G,0.577,120,A,0.423,88,G|G,0.337,35,A|A,0.183,19,T|T,0.013,33
KHV,rs61994674,G,0.434,86,A,0.566,112,G|G,0.182,18,A|A,0.313,31,T|T,0.012,8
EUR,rs61994674,G,0.823,828,A,0.177,178,G|G,0.678,341,A|A,0.032,16,None,0.0,0
CEU,rs61994674,G,0.818,162,A,0.182,36,G|G,0.677,67,A|A,0.04,4,T|T,0.016,1
FIN,rs61994674,G,0.823,163,A,0.177,35,G|G,0.677,67,A|A,0.03,3,T|T,0.03,3
GBR,rs61994674,G,0.824,150,A,0.176,32,G|G,0.67,61,A|A,0.022,2,None,0.0,0
IBS,rs61994674,G,0.818,175,A,0.182,39,G|G,0.673,72,A|A,0.037,4,None,0.0,0
TSI,rs61994674,G,0.832,178,A,0.168,36,G|G,0.692,74,A|A,0.028,3,T|T,0.024,2
SAS,rs61994674,G,0.747,731,A,0.253,247,G|G,0.569,278,A|A,0.074,36,T|T,0.019,2
BEB,rs61994674,G,0.727,125,A,0.273,47,G|G,0.57,49,A|A,0.116,10,None,0.0,0
GIH,rs61994674,G,0.694,143,A,0.306,63,G|G,0.485,50,A|A,0.097,10,None,0.0,0
ITU,rs61994674,G,0.765,156,A,0.235,48,G|G,0.578,59,A|A,0.049,5,None,0.0,0
PJL,rs61994674,G,0.776,149,A,0.224,43,G|G,0.594,57,A|A,0.042,4,None,0.0,0
STU,rs61994674,G,0.775,158,A,0.225,46,G|G,0.618,63,A|A,0.069,7,None,0.0,0
ALL,rs320461,T,0.317,1589,C,0.683,3419,T|T,0.103,259,C|C,0.469,1174,T|T,0.03,15
AFR,rs320461,T,0.287,379,C,0.713,943,T|T,0.077,51,C|C,0.504,333,T|T,0.043,4
ACB,rs320461,T,0.297,57,C,0.703,135,T|T,0.062,6,C|C,0.469,45,T|T,0.049,5
ASW,rs320461,T,0.344,42,C,0.656,80,T|T,0.066,4,C|C,0.377,23,T|T,0.019,2
ESN,rs320461,T,0.333,66,C,0.667,132,T|T,0.091,9,C|C,0.424,42,T|T,0.029,3
GWD,rs320461,T,0.217,49,C,0.783,177,T|T,0.035,4,C|C,0.602,68,T|T,0.01,1
LWK,rs320461,T,0.172,34,C,0.828,164,T|T,0.02,2,C|C,0.677,67,None,0.0,0
MSL,rs320461,T,0.376,64,C,0.624,106,T|T,0.2,17,C|C,0.447,38,None,0.0,0
YRI,rs320461,T,0.31,67,C,0.69,149,T|T,0.083,9,C|C,0.463,50,None,0.0,0
AMR,rs320461,T,0.255,177,C,0.745,517,T|T,0.055,19,C|C,0.545,189,None,0.0,0
CLM,rs320461,T,0.223,42,C,0.777,146,T|T,0.064,6,C|C,0.617,58,None,0.0,0
MXL,rs320461,T,0.234,30,C,0.766,98,T|T,0.078,5,C|C,0.609,39,None,0.0,0
PEL,rs320461,T,0.265,45,C,0.735,125,T|T,0.071,6,C|C,0.541,46,T|T,0.02,10
PUR,rs320461,T,0.288,60,C,0.712,148,T|T,0.019,2,C|C,0.442,46,None,0.0,0
EAS,rs320461,T,0.36,363,C,0.64,645,T|T,0.133,67,C|C,0.413,208,T|T,0.019,2
CDX,rs320461,T,0.425,79,C,0.575,107,T|T,0.172,16,C|C,0.323,30,T|T,0.02,2
CHB,rs320461,T,0.277,57,C,0.723,149,T|T,0.078,8,C|C,0.524,54,T|T,0.01,1
CHS,rs320461,T,0.348,73,C,0.652,137,T|T,0.143,15,C|C,0.448,47,T|T,0.049,5
JPT,rs320461,T,0.322,67,C,0.678,141,T|T,0.096,10,C|C,0.452,47,A|T,0.001,3
KHV,rs320461,T,0.439,87,C,0.561,111,T|T,0.182,18,C|C,0.303,30,A|T,0.005,3
EUR,rs320461,T,0.256,258,C,0.744,748,T|T,0.068,34,C|C,0.555,279,G|G,0.583,56
CEU,rs320461,T,0.278,55,C,0.722,143,T|T,0.071,7,C|C,0.515,51,G|T,0.41,25
FIN,rs320461,T,0.177,35,C,0.823,163,T|T,0.02,2,C|C,0.667,66,G|G,0.616,61
GBR,rs320461,T,0.236,43,C,0.764,139,T|T,0.055,5,C|C,0.582,53,G|T,0.46,52
IBS,rs320461,T,0.243,52,C,0.757,162,T|T,0.084,9,C|C,0.598,64,G|T,0.364,36
TSI,rs320461,T,0.341,73,C,0.659,141,T|T,0.103,11,C|C,0.421,45,G|T,0.388,33
SAS,rs320461,T,0.421,412,C,0.579,566,T|T,0.18,88,C|C,0.337,165,A|T,0.019,2
BEB,rs320461,T,0.366,63,C,0.634,109,T|T,0.163,14,C|C,0.43,37,G|T,0.49,170
GIH,rs320461,T,0.481,99,C,0.519,107,T|T,0.194,20,C|C,0.233,24,G|T,0.606,57
ITU,rs320461,T,0.412,84,C,0.588,120,T|T,0.186,19,C|C,0.363,37,G|T,0.484,31
PJL,rs320461,T,0.411,79,C,0.589,113,T|T,0.156,15,C|C,0.333,32,G|T,0.341,29
STU,rs320461,T,0.426,87,C,0.574,117,T|T,0.196,20,C|C,0.343,35,G|T,0.51,53
ALL,rs9479131,C,0.907,4543,T,0.093,465,C|C,0.827,2072,C|T,0.159,399,G|T,0.504,254
AFR,rs9479131,C,0.906,1198,T,0.094,124,C|C,0.825,545,C|T,0.163,108,G|T,0.505,47
ACB,rs9479131,C,0.891,171,T,0.109,21,C|C,0.781,75,C|T,0.219,21,G|T,0.476,49
ASW,rs9479131,C,0.918,112,T,0.082,10,C|C,0.852,52,C|T,0.131,8,G|T,0.524,55
ESN,rs9479131,C,0.848,168,T,0.152,30,C|C,0.727,72,C|T,0.242,24,G|T,0.519,54
GWD,rs9479131,C,0.969,219,T,0.031,7,C|C,0.938,106,C|T,0.062,7,G|T,0.495,49
LWK,rs9479131,C,0.939,186,T,0.061,12,C|C,0.879,87,C|T,0.121,12,G|T,0.505,254
MSL,rs9479131,C,0.871,148,T,0.129,22,C|C,0.765,65,C|T,0.212,18,G|T,0.495,49
YRI,rs9479131,C,0.898,194,T,0.102,22,C|C,0.815,88,C|T,0.167,18,G|T,0.485,48
AMR,rs9479131,C,0.983,682,T,0.017,12,C|C,0.965,335,C|T,0.035,12,G|T,0.516,47
CLM,rs9479131,C,0.989,186,T,0.011,2,C|C,0.979,92,C|T,0.021,2,G|T,0.495,53
MXL,rs9479131,C,0.992,127,T,0.008,1,C|C,0.984,63,C|T,0.016,1,G|T,0.533,57
PEL,rs9479131,C,0.988,168,T,0.012,2,C|C,0.976,83,C|T,0.024,2,G|T,0.493,241
PUR,rs9479131,C,0.966,201,T,0.034,7,C|C,0.933,97,C|T,0.067,7,G|T,0.605,52
EAS,rs9479131,C,0.838,845,T,0.162,163,C|C,0.706,356,C|T,0.264,133,G|T,0.466,48
CDX,rs9479131,C,0.828,154,T,0.172,32,C|C,0.699,65,C|T,0.258,24,G|T,0.412,42
CHB,rs9479131,C,0.835,172,T,0.165,34,C|C,0.718,74,C|T,0.233,24,G|T,0.51,49
CHS,rs9479131,C,0.829,174,T,0.171,36,C|C,0.676,71,C|T,0.305,32,G|T,0.49,50
JPT,rs9479131,C,0.856,178,T,0.144,30,C|C,0.74,77,C|T,0.231,24,C|G,0.23,577
KHV,rs9479131,C,0.843,167,T,0.157,31,C|C,0.697,69,C|T,0.293,29,C|G,0.44,291
EUR,rs9479131,C,0.982,988,T,0.018,18,C|C,0.964,485,C|T,0.036,18,C|G,0.375,36
CEU,rs9479131,C,0.99,196,T,0.01,2,C|C,0.98,97,C|T,0.02,2,C|G,0.459,28
FIN,rs9479131,C,0.99,196,T,0.01,2,C|C,0.98,97,C|T,0.02,2,C|G,0.434,43
GBR,rs9479131,C,0.984,179,T,0.016,3,C|C,0.967,88,C|T,0.033,3,C|G,0.451,51
IBS,rs9479131,C,0.953,204,T,0.047,10,C|C,0.907,97,C|T,0.093,10,C|G,0.364,36
TSI,rs9479131,C,0.995,213,T,0.005,1,C|C,0.991,106,C|T,0.009,1,C|G,0.529,45
SAS,rs9479131,C,0.849,830,T,0.151,148,C|C,0.718,351,C|T,0.262,128,C|G,0.481,52
BEB,rs9479131,C,0.878,151,T,0.122,21,C|C,0.756,65,C|T,0.244,21,C|G,0.268,93
GIH,rs9479131,C,0.84,173,T,0.16,33,C|C,0.699,72,C|T,0.282,29,None,0.0,0
ITU,rs9479131,C,0.828,169,T,0.172,35,C|C,0.676,69,C|T,0.304,31,C|G,0.281,18
PJL,rs9479131,C,0.88,169,T,0.12,23,C|C,0.771,74,C|T,0.219,21,C|G,0.388,33
STU,rs9479131,C,0.824,168,T,0.176,36,C|C,0.696,71,C|T,0.255,26,C|G,0.25,26
ALL,rs62314109,T,0.477,2389,A,0.001,5,T|T,0.244,611,A|G,0.001,2,C|G,0.145,73
AFR,rs62314109,T,0.251,332,A,0.004,5,T|T,0.064,42,A|G,0.003,2,None,0.0,0
ACB,rs62314109,T,0.224,43,A,0.005,1,T|T,0.042,4,A|G,0.01,1,C|G,0.184,19
ASW,rs62314109,T,0.303,37,G,0.697,85,T|T,0.098,6,G|G,0.492,30,None,0.0,0
ESN,rs62314109,T,0.227,45,A,0.005,1,T|T,0.071,7,A|T,0.01,1,C|G,0.096,10
GWD,rs62314109,T,0.336,76,G,0.664,150,T|T,0.106,12,G|G,0.434,49,C|G,0.111,11
LWK,rs62314109,T,0.222,44,G,0.778,154,T|T,0.04,4,G|G,0.596,59,C|G,0.129,65
MSL,rs62314109,T,0.241,41,G,0.759,129,T|T,0.047,4,G|G,0.565,48,None,0.0,0
YRI,rs62314109,T,0.213,46,A,0.014,3,T|T,0.046,5,A|G,0.009,1,None,0.0,0
AMR,rs62314109,T,0.573,398,G,0.427,296,T|T,0.329,114,G|G,0.182,63,None,0.0,0
CLM,rs62314109,T,0.516,97,G,0.484,91,T|T,0.213,20,G|G,0.181,17,C|G,0.15,16
MXL,rs62314109,T,0.68,87,G,0.32,41,T|T,0.438,28,G|G,0.078,5,None,0.0,0
PEL,rs62314109,T,0.724,123,G,0.276,47,T|T,0.553,47,G|G,0.106,9,C|G,0.112,55
PUR,rs62314109,T,0.438,91,G,0.562,117,T|T,0.183,19,G|G,0.308,32,C|G,0.07,6
EAS,rs62314109,T,0.54,544,G,0.46,464,T|T,0.288,145,G|G,0.208,105,C|G,0.117,12
CDX,rs62314109,T,0.608,113,G,0.392,73,T|T,0.355,33,G|G,0.14,13,None,0.0,0
CHB,rs62314109,T,0.461,95,G,0.539,111,T|T,0.223,23,G|G,0.301,31,None,0.0,0
CHS,rs62314109,T,0.49,103,G,0.51,107,T|T,0.229,24,G|G,0.248,26,None,0.0,0
JPT,rs62314109,T,0.5,104,G,0.5,104,T|T,0.24,25,G|G,0.24,25,C|T,0.474,1187
KHV,rs62314109,T,0.652,129,G,0.348,69,T|T,0.404,40,G|G,0.101,10,C|T,0.487,322
EUR,rs62314109,T,0.543,546,G,0.457,460,T|T,0.29,146,G|G,0.205,103,C|T,0.427,41
CEU,rs62314109,T,0.53,105,G,0.47,93,T|T,0.283,28,G|G,0.222,22,C|T,0.59,36
FIN,rs62314109,T,0.596,118,G,0.404,80,T|T,0.354,35,G|G,0.162,16,C|T,0.556,55
GBR,rs62314109,T,0.555,101,G,0.445,81,T|T,0.297,27,G|G,0.187,17,C|T,0.442,50
IBS,rs62314109,T,0.528,113,G,0.472,101,T|T,0.28,30,G|G,0.224,24,C|T,0.525,52
TSI,rs62314109,T,0.509,109,G,0.491,105,T|T,0.243,26,G|G,0.224,24,C|T,0.482,41
SAS,rs62314109,T,0.582,569,G,0.418,409,T|T,0.335,164,G|G,0.172,84,C|T,0.435,47
BEB,rs62314109,T,0.558,96,G,0.442,76,T|T,0.256,22,G|G,0.14,12,C|T,0.444,154
GIH,rs62314109,T,0.563,116,G,0.437,90,T|T,0.33,34,G|G,0.204,21,C|T,0.447,42
ITU,rs62314109,T,0.598,122,G,0.402,82,T|T,0.392,40,G|G,0.196,20,C|T,0.359,23
PJL,rs62314109,T,0.599,115,G,0.401,77,T|T,0.344,33,G|G,0.146,14,C|T,0.529,45
STU,rs62314109,T,0.588,120,G,0.412,84,T|T,0.343,35,G|G,0.167,17,C|T,0.423,44
ALL,rs6913400,G,0.849,4253,C,0.151,755,G|G,0.734,1838,C|C,0.036,89,C|T,0.488,246
AFR,rs6913400,G,0.677,895,C,0.323,427,G|G,0.457,302,C|C,0.103,68,C|T,0.419,39
ACB,rs6913400,G,0.708,136,C,0.292,56,G|G,0.521,50,C|C,0.104,10,C|T,0.592,61
ASW,rs6913400,G,0.721,88,C,0.279,34,G|G,0.492,30,C|C,0.049,3,C|T,0.486,51
ESN,rs6913400,G,0.652,129,C,0.348,69,G|G,0.434,43,C|C,0.131,13,C|T,0.471,49
GWD,rs6913400,G,0.686,155,C,0.314,71,G|G,0.46,52,C|C,0.088,10,C|T,0.465,46
LWK,rs6913400,G,0.657,130,C,0.343,68,G|G,0.475,47,C|C,0.162,16,C|T,0.469,236
MSL,rs6913400,G,0.618,105,C,0.382,65,G|G,0.353,30,C|C,0.118,10,C|T,0.485,48
YRI,rs6913400,G,0.704,152,C,0.296,64,G|G,0.463,50,C|C,0.056,6,C|T,0.475,47
AMR,rs6913400,G,0.829,575,C,0.171,119,G|G,0.695,241,C|C,0.037,13,C|T,0.44,40
CLM,rs6913400,G,0.915,172,C,0.085,16,G|G,0.83,78,C|G,0.17,16,C|T,0.495,53
MXL,rs6913400,G,0.812,104,C,0.188,24,G|G,0.672,43,C|C,0.047,3,C|T,0.449,48
PEL,rs6913400,G,0.712,121,C,0.288,49,G|G,0.518,44,C|C,0.094,8,C|T,0.468,229
PUR,rs6913400,G,0.856,178,C,0.144,30,G|G,0.731,76,C|C,0.019,2,C|T,0.419,36
EAS,rs6913400,G,0.918,925,C,0.082,83,G|G,0.845,426,C|C,0.01,5,C|T,0.485,50
CDX,rs6913400,G,0.93,173,C,0.07,13,G|G,0.86,80,C|G,0.14,13,C|T,0.471,48
CHB,rs6913400,G,0.888,183,C,0.112,23,G|G,0.796,82,C|C,0.019,2,C|T,0.49,47
CHS,rs6913400,G,0.905,190,C,0.095,20,G|G,0.81,85,C|G,0.19,20,C|T,0.471,48
JPT,rs6913400,G,0.933,194,C,0.067,14,G|G,0.885,92,C|C,0.019,2,T|T,0.067,168
KHV,rs6913400,G,0.934,185,C,0.066,13,G|G,0.879,87,C|C,0.01,1,T|T,0.002,1
EUR,rs6913400,G,0.933,939,C,0.067,67,G|G,0.869,437,C|C,0.002,1,None,0.0,0
CEU,rs6913400,G,0.914,181,C,0.086,17,G|G,0.828,82,C|G,0.172,17,T|T,0.016,1
FIN,rs6913400,G,0.944,187,C,0.056,11,G|G,0.889,88,C|G,0.111,11,None,0.0,0
GBR,rs6913400,G,0.929,169,C,0.071,13,G|G,0.857,78,C|G,0.143,13,None,0.0,0
IBS,rs6913400,G,0.916,196,C,0.084,18,G|G,0.841,90,C|C,0.009,1,T|T,0.072,25
TSI,rs6913400,G,0.963,206,C,0.037,8,G|G,0.925,99,C|G,0.075,8,T|T,0.032,3
SAS,rs6913400,G,0.94,919,C,0.06,59,G|G,0.883,432,C|C,0.004,2,T|T,0.031,2
BEB,rs6913400,G,0.953,164,C,0.047,8,G|G,0.919,79,C|C,0.012,1,T|T,0.235,20
GIH,rs6913400,G,0.932,192,C,0.068,14,G|G,0.874,90,C|C,0.01,1,None,0.0,0
ITU,rs6913400,G,0.936,191,C,0.064,13,G|G,0.873,89,C|G,0.127,13,T|T,0.22,111
PJL,rs6913400,G,0.958,184,C,0.042,8,G|G,0.917,88,C|G,0.083,8,T|T,0.258,24
STU,rs6913400,G,0.922,188,C,0.078,16,G|G,0.843,86,C|G,0.157,16,T|T,0.146,15
ALL,rs1395973,T,0.503,2519,C,0.497,2489,T|T,0.266,666,C|C,0.26,651,T|T,0.295,31
AFR,rs1395973,T,0.467,618,C,0.533,704,T|T,0.224,148,C|C,0.289,191,T|T,0.154,16
ACB,rs1395973,T,0.422,81,C,0.578,111,T|T,0.208,20,C|C,0.365,35,T|T,0.253,25
ASW,rs1395973,T,0.475,58,C,0.525,64,T|T,0.18,11,C|C,0.23,14,T|T,0.008,4
ESN,rs1395973,T,0.49,97,C,0.51,101,T|T,0.212,21,C|C,0.232,23,None,0.0,0
GWD,rs1395973,T,0.469,106,C,0.531,120,T|T,0.248,28,C|C,0.31,35,T|T,0.01,1
LWK,rs1395973,T,0.505,100,C,0.495,98,T|T,0.242,24,C|C,0.232,23,T|T,0.011,1
MSL,rs1395973,T,0.394,67,C,0.606,103,T|T,0.153,13,C|C,0.365,31,T|T,0.009,1
YRI,rs1395973,T,0.505,109,C,0.495,107,T|T,0.287,31,C|C,0.278,30,T|T,0.009,1
AMR,rs1395973,T,0.565,392,C,0.435,302,T|T,0.343,119,C|C,0.213,74,T|T,0.055,27
CLM,rs1395973,T,0.574,108,C,0.426,80,T|T,0.351,33,C|C,0.202,19,T|T,0.07,6
MXL,rs1395973,T,0.648,83,C,0.352,45,T|T,0.469,30,C|C,0.172,11,T|T,0.078,8
PEL,rs1395973,T,0.535,91,C,0.465,79,T|T,0.271,23,C|C,0.2,17,T|T,0.039,4
PUR,rs1395973,T,0.529,110,C,0.471,98,T|T,0.317,33,C|C,0.26,27,T|T,0.062,6
EAS,rs1395973,T,0.589,594,C,0.411,414,T|T,0.345,174,C|C,0.167,84,T|T,0.029,3
CDX,rs1395973,T,0.629,117,C,0.371,69,T|T,0.419,39,C|C,0.161,15,T|T,0.000399361022364217,1
CHB,rs1395973,T,0.587,121,C,0.413,85,T|T,0.291,30,C|C,0.117,12,None,0.0,0
CHS,rs1395973,T,0.595,125,C,0.405,85,T|T,0.352,37,C|C,0.162,17,None,0.0,0
JPT,rs1395973,T,0.524,109,C,0.476,99,T|T,0.288,30,C|C,0.24,25,None,0.0,0
KHV,rs1395973,T,0.616,122,C,0.384,76,T|T,0.384,38,C|C,0.152,15,None,0.0,0
EUR,rs1395973,T,0.509,512,C,0.491,494,T|T,0.274,138,C|C,0.256,129,None,0.0,0
CEU,rs1395973,T,0.535,106,C,0.465,92,T|T,0.293,29,C|C,0.222,22,None,0.0,0
FIN,rs1395973,T,0.419,83,C,0.581,115,T|T,0.182,18,C|C,0.343,34,None,0.0,0
GBR,rs1395973,T,0.462,84,C,0.538,98,T|T,0.242,22,C|C,0.319,29,None,0.0,0
IBS,rs1395973,T,0.556,119,C,0.444,95,T|T,0.308,33,C|C,0.196,21,None,0.0,0
TSI,rs1395973,T,0.561,120,C,0.439,94,T|T,0.336,36,C|C,0.215,23,None,0.0,0
SAS,rs1395973,T,0.412,403,C,0.588,575,T|T,0.178,87,C|C,0.354,173,None,0.0,0
BEB,rs1395973,T,0.43,74,C,0.57,98,T|T,0.221,19,C|C,0.36,31,None,0.0,0
GIH,rs1395973,T,0.447,92,C,0.553,114,T|T,0.204,21,C|C,0.311,32,None,0.0,0
ITU,rs1395973,T,0.392,80,C,0.608,124,T|T,0.157,16,C|C,0.373,38,None,0.0,0
PJL,rs1395973,T,0.401,77,C,0.599,115,T|T,0.156,15,C|C,0.354,34,None,0.0,0
STU,rs1395973,T,0.392,80,C,0.608,124,T|T,0.157,16,C|C,0.373,38,T|T,0.002,1
ALL,rs11069071,C,0.821,4114,T,0.179,894,C|C,0.71,1778,C|T,0.223,558,None,0.0,0
AFR,rs11069071,C,0.99,1309,T,0.01,13,C|C,0.982,649,C|T,0.017,11,None,0.0,0
ACB,rs11069071,C,0.974,187,T,0.026,5,C|C,0.948,91,C|T,0.052,5,T|T,0.011,1
ASW,rs11069071,C,0.959,117,T,0.041,5,C|C,0.934,57,C|T,0.049,3,None,0.0,0
ESN,rs11069071,C,1.0,198,None,0.0,0,C|C,1.0,99,None,0.0,0,None,0.0,0
GWD,rs11069071,C,1.0,226,None,0.0,0,C|C,1.0,113,None,0.0,0,None,0.0,0
LWK,rs11069071,C,0.99,196,T,0.01,2,C|C,0.98,97,C|T,0.02,2,None,0.0,0
MSL,rs11069071,C,1.0,170,None,0.0,0,C|C,1.0,85,None,0.0,0,None,0.0,0
YRI,rs11069071,C,0.995,215,T,0.005,1,C|C,0.991,107,C|T,0.009,1,None,0.0,0
AMR,rs11069071,C,0.772,536,T,0.228,158,C|C,0.617,214,C|T,0.311,108,None,0.0,0
CLM,rs11069071,C,0.803,151,T,0.197,37,C|C,0.638,60,C|T,0.33,31,None,0.0,0
MXL,rs11069071,C,0.789,101,T,0.211,27,C|C,0.609,39,C|T,0.359,23,A|G,0.43,1077
PEL,rs11069071,C,0.547,93,T,0.453,77,C|C,0.329,28,C|T,0.435,37,A|G,0.328,217
PUR,rs11069071,C,0.918,191,T,0.082,17,C|C,0.837,87,C|T,0.163,17,A|G,0.396,38
EAS,rs11069071,C,0.538,542,T,0.462,466,C|C,0.296,149,C|T,0.484,244,A|G,0.393,24
CDX,rs11069071,C,0.516,96,T,0.484,90,C|C,0.29,27,C|T,0.452,42,A|G,0.283,28
CHB,rs11069071,C,0.621,128,T,0.379,78,C|C,0.388,40,C|T,0.466,48,A|G,0.257,29
CHS,rs11069071,C,0.495,104,T,0.505,106,C|C,0.286,30,C|T,0.419,44,A|G,0.343,34
JPT,rs11069071,C,0.582,121,T,0.418,87,C|C,0.317,33,C|T,0.529,55,A|G,0.318,27
KHV,rs11069071,C,0.47,93,T,0.53,105,C|C,0.192,19,C|T,0.556,55,A|G,0.343,37
EUR,rs11069071,C,0.932,938,T,0.068,68,C|C,0.873,439,C|T,0.119,60,A|G,0.487,169
CEU,rs11069071,C,0.939,186,T,0.061,12,C|C,0.879,87,C|T,0.121,12,A|G,0.447,42
FIN,rs11069071,C,0.929,184,T,0.071,14,C|C,0.869,86,C|T,0.121,12,A|G,0.547,35
GBR,rs11069071,C,0.94,171,T,0.06,11,C|C,0.89,81,C|T,0.099,9,A|G,0.471,40
IBS,rs11069071,C,0.921,197,T,0.079,17,C|C,0.85,91,C|T,0.14,15,A|G,0.5,52
TSI,rs11069071,C,0.935,200,T,0.065,14,C|C,0.879,94,C|T,0.112,12,A|G,0.496,250
SAS,rs11069071,C,0.807,789,T,0.193,189,C|C,0.669,327,C|T,0.276,135,A|G,0.581,54
BEB,rs11069071,C,0.744,128,T,0.256,44,C|C,0.558,48,C|T,0.372,32,A|G,0.388,40
GIH,rs11069071,C,0.811,167,T,0.189,39,C|C,0.699,72,C|T,0.223,23,A|G,0.495,52
ITU,rs11069071,C,0.868,177,T,0.132,27,C|C,0.775,79,C|T,0.186,19,A|G,0.5,52
PJL,rs11069071,C,0.776,149,T,0.224,43,C|C,0.615,59,C|T,0.323,31,A|G,0.525,52
STU,rs11069071,C,0.824,168,T,0.176,36,C|C,0.676,69,C|T,0.294,30,A|G,0.437,220
ALL,rs118037400,G,0.975,4884,T,0.025,124,G|G,0.951,2381,G|T,0.049,122,A|G,0.535,53
AFR,rs118037400,G,0.982,1298,T,0.018,24,G|G,0.964,637,G|T,0.036,24,A|G,0.414,41
ACB,rs118037400,G,0.969,186,T,0.031,6,G|G,0.938,90,G|T,0.062,6,A|G,0.44,40
ASW,rs118037400,G,0.967,118,T,0.033,4,G|G,0.934,57,G|T,0.066,4,A|G,0.402,43
ESN,rs118037400,G,0.99,196,T,0.01,2,G|G,0.98,97,G|T,0.02,2,A|G,0.402,43
GWD,rs118037400,G,0.973,220,T,0.027,6,G|G,0.947,107,G|T,0.053,6,A|G,0.452,221
LWK,rs118037400,G,0.995,197,T,0.005,1,G|G,0.99,98,G|T,0.01,1,A|G,0.488,42
MSL,rs118037400,G,0.976,166,T,0.024,4,G|G,0.953,81,G|T,0.047,4,A|G,0.437,45
YRI,rs118037400,G,0.995,215,T,0.005,1,G|G,0.991,107,G|T,0.009,1,A|G,0.441,45
AMR,rs118037400,G,0.974,676,T,0.026,18,G|G,0.948,329,G|T,0.052,18,A|G,0.49,47
CLM,rs118037400,G,0.968,182,T,0.032,6,G|G,0.936,88,G|T,0.064,6,A|G,0.412,42
