populations,population,Suicide mortality rate category,rs336284,rs7049850,rs1402514,rs500042,rs3741042,rs8041188,rs61994674,rs320461,rs9479131,rs6913400,rs1395973,rs9672835,OR_sum,OR_geomean
ALL,All,NA,0.89753320683112,0.869158878504673,2.41296928327645,0.333333333333333,0.798561151079137,1.28310502283105,3.83091787439614,0.464128843338214,9.75268817204301,5.62251655629139,1.01207243460765,1.09643605870021,28.3734208152324,1.42406069751223
AFR,African,NA,0.926782273603083,0.328021248339973,1.46913580246914,0.494768310911809,0.5220700152207,1.1551724137931,28.4117647058823,0.402524544179523,9.63829787234043,2.09597523219814,0.876172607879925,0.275510204081633,46.5961952308998,1.18193508618653
ACB,African Caribbean in Barbados,LOW,1.08768267223382,0.329787234042553,1.73972602739726,0.499250374812594,0.412429378531073,1.55754475703325,31.258064516129,0.422475106685633,8.1743119266055,2.42465753424658,0.730103806228374,0.371742112482853,49.0077754464285,1.24757899147795
ASW,African ancestry in SW US,MEDIUM,0.76678445229682,0.31578947368421,1.5974025974026,0.451378809869376,0.470588235294118,1.17864923747277,12.5135135135135,0.524390243902439,11.1951219512195,2.584229390681,0.904761904761905,0.524390243902439,33.0270000540007,1.19780531179936
ESN,Esan in Nigeria,LOW,0.751313485113835,0.449275362318841,1.9585798816568,0.5220700152207,0.5600624024961,1,99,0.499250374812594,5.57894736842105,1.87356321839081,0.96078431372549,0.222493887530562,113.376340309687,1.29056496270595
GWD,Gambian in western division Mandinka,LOW,1,0.326259946949602,1.11416490486258,0.468428781204112,0.675041876046901,1.01612903225806,27.5714285714286,0.277139208173691,31.258064516129,2.18471337579618,0.883239171374764,0.183431952662722,66.9580413368862,1.21025055468257
LWK,Luhya in Webuye Kenya,LOW,0.941747572815534,0.251564455569462,1.33100233100233,0.597444089456869,0.584786053882726,1.2271714922049,32.3333333333333,0.207729468599034,15.3934426229508,1.91545189504373,1.02020202020202,0.285347043701799,56.0892223787626,1.18662849826452
MSL,Mende in Sierra Leone,LOW,1,0.362397820163488,1.17864923747277,0.453488372093023,0.5600624024961,1.04918032786885,82.3333333333333,0.602564102564102,6.75193798449612,1.61780104712042,0.65016501650165,0.20627261761158,96.7658522617214,1.19252743707114
YRI,Youruba in Ibadan Nigeria,LOW,0.926782273603083,0.291989664082687,1.66666666666667,0.45985401459854,0.402524544179523,1.15982721382289,16.8571428571429,0.449275362318841,8.80392156862745,2.37837837837838,1.02020202020202,0.278772378516624,34.6953369421396,1.13070444500825
AMR,Ad-mixed American,NA,0.879699248120301,0.769911504424779,2.93700787401575,0.287001287001287,1.04081632653061,1.7027027027027,4.20833333333333,0.342281879194631,57.8235294117647,4.84795321637427,1.29885057471264,1.23214285714286,77.3702302153179,1.71641058756736
CLM,Colombian in Medellin Colombia,LOW,0.919385796545106,0.883239171374764,2.35570469798658,0.261034047919294,1.18818380743983,1.84900284900285,3.48430493273543,0.287001287001287,89.9090909090909,10.7647058823529,1.34741784037559,1.68817204301075,114.937243264835,1.91386665112578
MXL,Mexican ancestry in LA CA US,LOW,0.828153564899452,0.779359430604982,2.7593984962406,0.267427122940431,0.968503937007874,1.28310502283105,3.92610837438424,0.305483028720627,124,4.31914893617021,1.84090909090909,0.706484641638225,141.984081646347,1.67691623924692
PEL,Peruvian in Lima Peru,LOW,0.788908765652952,0.517450682852807,10.3636363636364,0.240694789081886,0.869158878504673,1.5,5.28930817610063,0.360544217687075,82.3333333333333,2.47222222222222,1.1505376344086,1.02429149797571,106.910086561456,1.705889266048
PUR,Puerto Rican in Puerto Rico,NA,0.96078431372549,0.926782273603083,1.93255131964809,0.367989056087551,1.12314225053079,2.1055900621118,4.46448087431694,0.404494382022472,28.4117647058823,5.94444444444444,1.12314225053079,1.53807106598985,49.3032369988937,1.74350630211737
EAS,East Asian,NA,0.876172607879925,1.05338809034908,10.2359550561798,0.362397820163488,0.449275362318841,0.410437235543018,1.32018561484919,0.5625,5.17283950617284,11.1951219512195,1.4330900243309,1.54452926208651,34.6158925310931,1.40681296612172
CDX,Chinese Dai in Xishuangbanna China,MEDIUM,0.692047377326565,0.709401709401709,19.8333333333333,0.256281407035176,0.430615164520744,0.420454545454545,1.16450216450216,0.739130434782609,4.81395348837209,13.2857142857143,1.69541778975741,1.21238938053097,45.2532410807316,1.38798473662618
CHB,Han Chinese in Beijing China,MEDIUM,1.2883295194508,0.926782273603083,9.30927835051546,0.373626373626374,0.451378809869376,0.451378809869376,1.82485875706215,0.383125864453665,5.06060606060606,7.92857142857143,1.42130750605327,2.54609929078014,31.9653430444612,1.4493201988747
CHS,Han Chinese South,MEDIUM,0.96078431372549,1.19298245614035,8.52380952380952,0.408450704225352,0.329787234042553,0.449275362318841,1.80112044817927,0.533742331288343,4.84795321637427,9.52631578947369,1.46913580246914,1.38663484486874,31.4299920269155,1.39320001372111
JPT,Japanese in Tokyo Japan,HIGH,0.908396946564885,1.8169014084507,7.69565217391304,0.404494382022472,0.540832049306626,0.300390117035111,1.36406619385343,0.474926253687316,5.94444444444444,13.9253731343284,1.10084033613445,1.36406619385343,35.8403836335943,1.41999792818112
KHV,Kinh in Ho Chi Minh City Vietnam,LOW,0.636661211129296,0.901140684410646,12.1578947368421,0.366120218579235,0.510574018126888,0.445086705202312,0.76678445229682,0.7825311942959,5.36942675159236,14.1515151515152,1.60416666666667,1.53807106598985,39.2299728566472,1.41655957390401
EUR,European,NA,0.926782273603083,1.3094688221709,1.51889168765743,0.215066828675577,1.16919739696312,4.84795321637427,4.64971751412429,0.344086021505376,54.5555555555556,13.9253731343284,1.03665987780041,2.1055900621118,86.6043423908702,2.063545627144
CEU,Northern Europeans in Utah,HIGH,1.08333333333333,1.22222222222222,1.67379679144385,0.222493887530562,1.1978021978022,4.20833333333333,4.49450549450549,0.385041551246537,99,10.6279069767442,1.1505376344086,1.5062656641604,126.772239086731,2.11126103631295
FIN,Finnish in Finland,HIGH,0.751313485113835,1.53807106598985,2.3003300330033,0.150747986191024,0.834862385321101,5.84931506849315,4.64971751412429,0.215066828675577,99,16.8571428571429,0.721170395869191,1.9585798816568,134.826317501581,2.01989964177429
GBR,British from England and Scotland,MEDIUM,0.876172607879925,1.42718446601942,1.49376558603491,0.272264631043257,1.04498977505112,4.52486187845304,4.68181818181818,0.308900523560209,61.5,13.0845070422535,0.858736059479554,2.4965034965035,92.5697042480966,2.06463458439267
IBS,Iberian populations in Spain,MEDIUM,0.926782273603083,1.07900207900208,1.37529691211401,0.230012300123001,1.48756218905473,4.20833333333333,4.49450549450549,0.321003963011889,20.2765957446808,10.9047619047619,1.25225225225225,2.89105058365759,49.4471590301002,1.90519889221105
TSI,Toscani in Italia,MEDIUM,1.02020202020202,1.33100233100233,1.09643605870021,0.20918984280532,1.35294117647059,5.89655172413793,4.95238095238095,0.517450682852807,199,26.027027027027,1.27790432801822,2.01204819277108,244.693134336369,2.57452397891258
SAS,South Asian,NA,0.858736059479554,1.71739130434783,2.63636363636364,0.283697047496791,1.35294117647059,1.25225225225225,2.95256916996047,0.727115716753022,5.62251655629139,15.6666666666667,0.700680272108844,2.04878048780488,35.8197103459959,1.68050770705269
BEB,Bengali in Bangladesh,LOW,0.592356687898089,2.24675324675325,2.50877192982456,0.254705144291092,0.754385964912281,1.26244343891403,2.66300366300366,0.577287066246057,7.19672131147541,20.2765957446808,0.754385964912281,2.43642611683849,41.52383627975,1.62295672169656
GIH,Gujarati Indians in Houston Texas ,MEDIUM,0.821493624772313,1.54452926208651,3.03225806451613,0.287001287001287,1.3696682464455,1.51256281407035,2.26797385620915,0.926782273603083,5.25,13.7058823529412,0.808318264014467,1.61096605744125,33.1374361031012,1.66396492066454
ITU,Indian Telugu in the UK,MEDIUM,0.96078431372549,1.89855072463768,3,0.290322580645161,1.55102040816327,0.941747572815534,3.25531914893617,0.700680272108844,4.81395348837209,14.625,0.644736842105263,2.34448160535117,35.0265969568607,1.69522973768336
PJL,Punjabi in Lahore Pakistan,MEDIUM,0.779359430604982,1.61780104712042,2.04878048780488,0.305483028720627,1.66666666666667,1.52525252525253,3.46428571428571,0.697792869269949,7.33333333333333,22.8095238095238,0.669449081803005,1.55754475703325,44.4752727514192,1.75362875120092
STU,Shri Lankan Tamil in the UK,HIGH,1.19298245614035,1.48138957816377,2.7037037037037,0.275510204081633,1.58397932816537,1.14592274678112,3.44444444444444,0.742160278745645,4.68181818181818,11.8205128205128,0.644736842105263,2.63636363636364,32.3535242210259,1.69803528596493
